,team_id,date,buildUpPlaySpeed,buildUpPlayPassing,chanceCreationPassing,chanceCreationCrossing,chanceCreationShooting,defencePressure,defenceAggression,defenceTeamWidth,buildUpPlayPositioningClass_Free Form,buildUpPlayPositioningClass_Organised,chanceCreationPositioningClass_Free Form,chanceCreationPositioningClass_Organised,defenceDefenderLineClass_Cover,defenceDefenderLineClass_Offside Trap,buildUpPlayDribbling,cluster
0,9930,2/22/10 0:00,60,50,60,65,55,50,55,45,0,1,0,1,1,0,44.5,0
1,9930,9/19/14 0:00,52,56,54,63,64,47,44,54,0,1,0,1,1,0,44.5,4
2,9930,9/10/15 0:00,47,54,54,63,64,47,44,54,0,1,0,1,1,0,44.5,4
3,8485,2/22/10 0:00,70,70,70,70,70,60,70,70,0,1,0,1,1,0,64.0,7
4,8485,2/22/11 0:00,47,52,53,48,52,47,47,52,0,1,0,1,1,0,64.0,3
5,8485,2/22/12 0:00,58,62,45,70,55,40,40,60,0,1,0,1,1,0,64.0,4
6,8485,9/20/13 0:00,62,45,40,50,55,42,42,60,0,1,0,1,1,0,64.0,2
7,8485,9/19/14 0:00,58,62,56,68,57,41,42,60,0,1,0,1,1,0,64.0,4
8,8485,9/10/15 0:00,59,53,51,72,63,49,45,63,0,1,1,0,1,0,64.0,4
9,8576,2/22/10 0:00,60,40,45,35,55,30,70,30,0,1,0,1,0,1,57.0,2
10,8576,2/22/11 0:00,65,45,65,65,50,45,45,50,0,1,0,1,1,0,57.0,8
11,8576,2/22/12 0:00,59,52,48,34,52,38,47,53,0,1,0,1,1,0,57.0,3
13,8576,9/19/14 0:00,59,52,48,38,52,38,47,53,0,1,0,1,1,0,57.0,3
15,8564,2/22/10 0:00,45,30,55,45,70,30,35,60,1,0,1,0,0,1,70.0,5
16,8564,2/22/11 0:00,65,50,50,60,50,50,50,50,0,1,1,0,0,1,70.0,4
17,8564,2/22/12 0:00,45,50,65,20,50,45,45,50,0,1,1,0,1,0,70.0,3
18,8564,9/20/13 0:00,48,54,51,53,64,48,49,53,0,1,1,0,1,0,70.0,4
19,8564,9/19/14 0:00,48,52,66,36,75,58,57,49,0,1,0,1,1,0,70.0,1
20,8564,9/10/15 0:00,48,52,66,36,69,58,57,49,0,1,0,1,1,0,70.0,1
21,10215,2/22/10 0:00,30,30,50,60,55,30,30,30,0,1,0,1,0,1,53.0,5
22,10215,2/22/11 0:00,30,50,50,50,55,30,45,65,0,1,0,1,1,0,53.0,9
23,10215,2/22/12 0:00,45,44,55,57,60,52,38,61,0,1,0,1,1,0,53.0,4
25,10215,9/19/14 0:00,52,44,55,51,60,39,38,61,0,1,0,1,1,0,53.0,4
26,10215,9/10/15 0:00,53,44,55,51,60,39,38,61,0,1,0,1,1,0,53.0,4
27,10217,2/22/10 0:00,30,35,30,50,65,30,30,30,0,1,0,1,1,0,43.5,5
28,10217,2/22/11 0:00,53,53,48,67,66,46,62,65,0,1,0,1,1,0,43.5,4
29,10217,2/22/12 0:00,38,44,55,60,44,50,58,62,0,1,0,1,1,0,43.5,9
30,10217,9/20/13 0:00,38,47,55,55,44,50,58,52,0,1,0,1,1,0,43.5,9
31,10217,9/19/14 0:00,58,55,55,52,44,57,50,52,0,1,0,1,1,0,43.5,0
32,10217,9/10/15 0:00,56,66,55,52,38,40,50,52,0,1,0,1,1,0,43.5,0
33,8593,2/22/10 0:00,30,30,50,60,70,30,30,30,1,0,0,1,1,0,41.5,5
34,8593,2/22/11 0:00,40,38,67,65,67,65,57,63,1,0,0,1,1,0,41.5,6
35,8593,2/22/12 0:00,31,33,39,64,46,68,65,60,0,1,1,0,1,0,41.5,6
36,8593,9/20/13 0:00,35,33,39,52,46,68,65,50,1,0,1,0,1,0,41.5,6
37,8593,9/19/14 0:00,40,30,51,55,39,64,53,64,0,1,1,0,1,0,41.5,6
38,8593,9/10/15 0:00,35,39,58,55,30,64,53,59,0,1,1,0,1,0,41.5,9
39,9865,2/22/10 0:00,65,45,45,45,70,70,65,30,0,1,0,1,1,0,41.0,1
40,9865,2/22/11 0:00,55,53,57,54,69,58,68,67,0,1,0,1,1,0,41.0,7
41,9865,2/22/12 0:00,42,70,57,54,40,37,53,45,0,1,0,1,1,0,41.0,0
42,9865,9/20/13 0:00,46,65,57,54,40,37,53,45,0,1,0,1,1,0,41.0,0
45,8635,2/22/10 0:00,50,35,70,50,60,70,50,70,0,1,0,1,1,0,46.0,8
46,8635,2/22/11 0:00,50,52,70,50,60,70,50,70,1,0,0,1,0,1,46.0,8
47,8635,2/22/12 0:00,52,41,53,57,47,45,43,52,0,1,0,1,1,0,46.0,9
48,8635,9/20/13 0:00,52,41,68,67,47,60,43,65,0,1,0,1,1,0,46.0,8
49,8635,9/19/14 0:00,52,51,60,53,47,60,50,65,0,1,0,1,1,0,46.0,8
50,8635,9/10/15 0:00,52,51,60,53,47,53,50,61,0,1,0,1,1,0,46.0,4
51,8121,2/22/10 0:00,45,35,35,50,60,30,55,30,0,1,0,1,0,1,61.0,2
52,8121,2/22/11 0:00,65,50,50,65,65,45,45,50,0,1,0,1,1,0,61.0,4
53,8121,2/22/12 0:00,50,50,52,52,48,44,44,51,0,1,0,1,1,0,61.0,3
55,8121,9/19/14 0:00,48,50,40,52,48,44,44,51,0,1,0,1,1,0,61.0,3
59,108893,2/22/10 0:00,50,65,30,35,30,30,50,35,0,1,0,1,1,0,47.0,3
60,108893,2/22/11 0:00,50,65,35,35,35,25,45,35,0,1,0,1,1,0,47.0,3
61,108893,2/22/12 0:00,23,33,49,40,43,44,32,36,0,1,0,1,1,0,47.0,5
62,108893,9/20/13 0:00,41,48,58,40,43,39,43,58,0,1,0,1,1,0,47.0,9
63,108893,9/19/14 0:00,39,54,49,40,43,44,53,57,0,1,0,1,1,0,47.0,9
64,108893,9/10/15 0:00,56,54,55,40,43,48,53,57,0,1,0,1,1,0,47.0,3
65,9912,2/22/10 0:00,40,65,45,70,50,45,40,50,0,1,0,1,1,0,49.0,4
66,9912,2/22/11 0:00,46,58,45,33,42,38,48,50,0,1,0,1,1,0,49.0,3
67,9912,9/19/14 0:00,62,55,56,51,52,36,54,48,0,1,0,1,1,0,49.0,3
68,158085,9/19/14 0:00,69,39,55,59,46,35,37,37,0,1,0,1,1,0,66.0,3
69,158085,9/10/15 0:00,65,39,55,59,46,37,39,37,0,1,0,1,1,0,66.0,3
70,9825,2/22/10 0:00,66,30,30,45,35,30,40,50,1,0,1,0,1,0,51.0,2
71,9825,2/22/11 0:00,75,40,40,45,65,50,40,45,1,0,1,0,1,0,51.0,2
72,9825,2/22/12 0:00,25,32,41,34,30,57,57,52,0,1,1,0,1,0,51.0,6
73,9825,9/20/13 0:00,30,29,41,55,39,64,54,52,0,1,1,0,1,0,51.0,6
74,9825,9/19/14 0:00,59,26,28,55,64,51,44,52,0,1,1,0,1,0,51.0,2
75,9825,9/10/15 0:00,59,30,28,44,46,51,44,52,0,1,1,0,1,0,51.0,2
76,10252,2/22/10 0:00,70,59,65,70,50,30,70,30,0,1,1,0,1,0,34.5,0
77,10252,2/22/11 0:00,65,50,45,55,50,35,45,65,0,1,0,1,1,0,34.5,0
78,10252,2/22/12 0:00,67,58,44,60,56,43,50,52,0,1,0,1,1,0,34.5,0
79,10252,9/20/13 0:00,63,59,52,55,34,39,41,54,0,1,0,1,1,0,34.5,0
80,10252,9/19/14 0:00,66,72,63,48,56,39,42,52,0,1,0,1,1,0,34.5,0
81,10252,9/10/15 0:00,63,54,60,48,38,35,44,54,0,1,0,1,1,0,34.5,0
82,8524,2/22/10 0:00,35,40,35,30,55,30,30,55,0,1,0,1,0,1,45.0,5
83,8524,2/22/11 0:00,65,50,50,65,55,45,55,65,0,1,0,1,1,0,45.0,4
84,8524,2/22/12 0:00,40,50,53,47,50,55,42,50,0,1,0,1,1,0,45.0,9
85,8524,9/20/13 0:00,64,36,38,49,51,54,53,49,0,1,1,0,1,0,45.0,2
86,8524,9/19/14 0:00,64,37,38,49,51,36,66,49,0,1,0,1,1,0,45.0,2
87,8524,9/10/15 0:00,64,37,38,49,51,36,63,49,0,1,0,1,1,0,45.0,2
88,8315,2/22/10 0:00,60,45,35,70,55,30,70,35,0,1,0,1,1,0,43.5,2
89,8315,2/22/11 0:00,70,69,55,72,57,48,67,55,0,1,0,1,1,0,43.5,7
90,8315,2/22/12 0:00,42,59,36,78,59,37,60,68,0,1,0,1,1,0,43.5,4
91,8315,9/20/13 0:00,46,38,52,73,37,37,60,68,0,1,1,0,1,0,43.5,9
92,8315,9/19/14 0:00,46,38,52,68,37,37,60,65,0,1,0,1,1,0,43.5,9
93,8315,9/10/15 0:00,46,39,50,60,36,49,57,50,0,1,1,0,1,0,43.5,9
94,9906,2/22/10 0:00,64,30,65,50,70,70,34,55,1,0,1,0,0,1,51.0,8
95,9906,2/22/11 0:00,57,54,58,69,79,58,48,54,0,1,0,1,1,0,51.0,4
96,9906,2/22/12 0:00,47,51,67,63,54,52,37,55,0,1,0,1,1,0,51.0,4
97,9906,9/20/13 0:00,47,51,70,65,54,52,37,55,0,1,0,1,1,0,51.0,4
98,9906,9/19/14 0:00,47,51,67,67,54,52,37,55,0,1,0,1,1,0,51.0,4
99,9906,9/10/15 0:00,57,50,61,62,49,49,42,52,0,1,0,1,1,0,51.0,4
100,8406,2/22/10 0:00,45,45,35,70,70,45,55,45,0,1,0,1,1,0,44.5,2
101,8406,2/22/11 0:00,68,40,52,64,72,59,49,42,0,1,0,1,1,0,44.5,8
102,8406,2/22/12 0:00,55,55,49,57,55,47,58,56,0,1,0,1,1,0,44.5,4
103,8406,9/20/13 0:00,40,55,49,72,53,33,43,52,0,1,0,1,1,0,44.5,4
104,8406,9/19/14 0:00,62,69,41,63,56,47,55,52,0,1,0,1,1,0,44.5,0
105,8406,9/10/15 0:00,59,55,49,62,55,34,50,59,0,1,0,1,1,0,44.5,4
106,8583,2/22/10 0:00,30,70,35,65,35,30,55,30,0,1,0,1,1,0,55.0,3
107,8583,2/22/11 0:00,35,65,35,65,50,35,45,65,0,1,0,1,1,0,55.0,4
108,8583,2/22/12 0:00,64,49,51,63,50,34,45,36,0,1,0,1,1,0,55.0,3
109,8583,9/20/13 0:00,64,49,51,63,50,34,45,41,0,1,0,1,1,0,55.0,3
111,8583,9/10/15 0:00,64,49,51,63,50,34,45,40,0,1,0,1,1,0,55.0,3
112,10229,2/22/10 0:00,55,45,40,30,60,30,30,50,0,1,0,1,1,0,42.0,5
113,10229,2/22/11 0:00,45,31,45,74,66,60,50,65,0,1,0,1,1,0,42.0,6
114,10229,2/22/12 0:00,46,36,47,48,52,60,65,59,0,1,0,1,1,0,42.0,6
115,10229,9/20/13 0:00,62,40,67,48,52,50,65,59,0,1,0,1,1,0,42.0,8
116,10229,9/19/14 0:00,52,46,60,56,52,50,61,55,0,1,1,0,1,0,42.0,8
117,10229,9/10/15 0:00,50,58,67,56,50,50,61,55,0,1,0,1,1,0,42.0,0
118,8634,2/22/10 0:00,42,30,65,40,70,70,30,70,1,0,1,0,0,1,35.0,6
119,8634,2/22/11 0:00,43,34,59,25,68,67,43,68,1,0,1,0,1,0,35.0,6
120,8634,2/22/12 0:00,24,25,37,24,54,66,63,66,1,0,1,0,1,0,35.0,6
121,8634,9/20/13 0:00,35,32,37,31,35,61,63,65,1,0,1,0,1,0,35.0,6
123,8634,9/10/15 0:00,36,51,36,49,56,61,65,65,1,0,1,0,1,0,35.0,6
124,9976,2/22/10 0:00,30,30,30,40,65,40,30,45,1,0,0,1,0,1,40.0,5
125,9976,2/22/11 0:00,65,35,65,63,65,55,45,60,1,0,0,1,0,1,40.0,8
126,9976,2/22/12 0:00,50,50,50,35,50,45,45,50,0,1,0,1,1,0,40.0,9
127,9976,9/20/13 0:00,55,57,54,44,60,49,51,61,0,1,0,1,1,0,40.0,1
128,9976,9/19/14 0:00,55,57,54,44,56,49,51,53,0,1,0,1,1,0,40.0,1
129,9976,9/10/15 0:00,52,65,40,55,48,50,51,55,0,1,0,1,1,0,40.0,0
130,9931,2/22/10 0:00,40,45,50,65,50,60,60,60,0,1,0,1,1,0,63.0,6
131,9931,2/22/11 0:00,46,40,51,54,49,38,53,55,0,1,0,1,1,0,63.0,3
132,9931,2/22/12 0:00,61,46,66,66,54,47,58,53,0,1,0,1,1,0,63.0,8
136,8178,2/22/10 0:00,70,30,70,70,70,70,60,70,0,1,0,1,1,0,29.5,7
137,8178,2/22/11 0:00,67,38,51,47,55,57,39,51,0,1,0,1,1,0,29.5,1
138,8178,2/22/12 0:00,58,55,52,55,56,50,42,47,0,1,0,1,1,0,29.5,0
139,8178,9/20/13 0:00,64,55,52,54,37,58,38,47,0,1,0,1,1,0,29.5,0
140,8178,9/19/14 0:00,69,55,52,55,39,50,46,54,0,1,0,1,1,0,29.5,0
141,8178,9/10/15 0:00,73,55,77,54,61,61,72,50,0,1,0,1,1,0,29.5,7
142,9823,2/22/10 0:00,65,40,65,70,70,70,40,65,1,0,1,0,1,0,29.0,8
143,9823,2/22/11 0:00,42,40,34,30,72,39,52,65,0,1,1,0,1,0,29.0,6
144,9823,2/22/12 0:00,47,40,34,31,55,49,35,50,0,1,0,1,1,0,29.0,9
145,9823,9/20/13 0:00,56,41,40,44,39,52,54,52,0,1,0,1,1,0,29.0,9
146,9823,9/19/14 0:00,37,22,21,38,40,61,59,40,1,0,1,0,1,0,29.0,9
147,9823,9/10/15 0:00,45,28,37,31,22,72,53,59,1,0,1,0,1,0,29.0,9
155,9807,2/22/10 0:00,30,30,55,45,60,30,30,30,0,1,0,1,0,1,53.0,5
156,9807,9/19/14 0:00,52,52,40,37,48,38,48,49,0,1,0,1,1,0,53.0,3
157,9807,9/10/15 0:00,51,52,43,37,48,38,48,49,0,1,0,1,1,0,53.0,3
160,9772,2/22/10 0:00,30,30,50,55,65,30,30,30,1,0,1,0,0,1,55.0,5
161,9772,2/22/11 0:00,65,35,65,55,51,55,56,60,1,0,0,1,1,0,55.0,8
162,9772,2/22/12 0:00,55,48,69,56,54,61,51,57,0,1,0,1,1,0,55.0,8
163,9772,9/20/13 0:00,65,54,69,56,54,60,58,57,0,1,0,1,1,0,55.0,8
164,9772,9/19/14 0:00,70,53,65,66,54,60,57,54,0,1,0,1,1,0,55.0,8
165,9772,9/10/15 0:00,69,53,65,66,54,60,57,54,0,1,0,1,1,0,55.0,8
166,8658,2/22/10 0:00,70,70,70,70,70,70,70,70,0,1,0,1,1,0,35.5,7
167,8658,2/22/11 0:00,45,60,35,50,40,30,60,45,0,1,0,1,1,0,35.5,9
168,8658,2/22/12 0:00,51,55,41,62,56,42,48,54,0,1,0,1,1,0,35.5,0
169,8658,9/20/13 0:00,56,57,45,71,41,42,44,54,0,1,0,1,1,0,35.5,0
170,8658,9/19/14 0:00,56,79,77,71,56,42,48,54,0,1,0,1,1,0,35.5,0
171,8658,9/10/15 0:00,56,75,77,62,64,42,47,54,0,1,0,1,1,0,35.5,0
172,8655,2/22/10 0:00,55,70,60,70,55,45,70,45,0,1,0,1,1,0,45.5,0
173,8655,2/22/11 0:00,55,65,50,50,35,45,60,55,0,1,0,1,1,0,45.5,3
174,8655,2/22/12 0:00,57,57,55,45,40,42,50,38,0,1,0,1,1,0,45.5,3
175,8655,9/20/13 0:00,44,64,55,52,40,42,50,38,0,1,0,1,1,0,45.5,3
176,8655,9/19/14 0:00,44,62,63,61,40,50,50,47,0,1,0,1,1,0,45.5,0
177,8655,9/10/15 0:00,60,65,59,58,42,50,50,57,0,1,0,1,1,0,45.5,0
178,8483,2/22/10 0:00,70,70,70,70,65,70,70,70,0,1,0,1,1,0,40.0,7
179,8483,2/22/11 0:00,70,30,65,30,65,45,50,45,0,1,0,1,1,0,40.0,1
180,8483,2/22/12 0:00,45,52,60,58,58,49,52,54,0,1,0,1,1,0,40.0,4
182,8483,9/19/14 0:00,67,72,70,48,58,39,38,54,0,1,0,1,1,0,40.0,0
183,8483,9/10/15 0:00,62,64,59,43,64,39,38,54,0,1,0,1,1,0,40.0,1
184,8613,9/10/15 0:00,47,50,37,38,53,32,62,54,0,1,0,1,1,0,56.0,2
185,9911,2/22/10 0:00,50,65,55,45,50,40,60,40,0,1,0,1,1,0,46.0,3
186,9911,2/22/11 0:00,55,56,55,49,52,48,60,56,0,1,0,1,1,0,46.0,1
187,9911,2/22/12 0:00,40,48,51,54,37,34,53,49,0,1,0,1,1,0,46.0,9
188,9911,9/20/13 0:00,40,48,51,54,37,40,53,41,0,1,0,1,1,0,46.0,9
189,9911,9/19/14 0:00,38,48,51,54,36,34,53,49,0,1,0,1,1,0,46.0,9
190,9911,9/10/15 0:00,69,57,66,40,66,58,47,67,0,1,0,1,1,0,46.0,1
191,9857,2/22/10 0:00,65,55,30,70,65,55,30,50,0,1,0,1,0,1,53.0,4
192,9857,2/22/11 0:00,65,35,35,35,50,30,50,50,0,1,0,1,1,0,53.0,2
193,9857,2/22/12 0:00,40,50,35,35,50,35,45,50,0,1,0,1,1,0,53.0,9
194,9857,9/20/13 0:00,63,48,49,63,63,43,43,48,0,1,1,0,1,0,53.0,4
195,9857,9/19/14 0:00,63,48,32,48,52,28,54,48,0,1,0,1,1,0,53.0,2
196,9857,9/10/15 0:00,63,48,32,48,52,30,54,48,0,1,0,1,1,0,53.0,2
197,8559,2/22/10 0:00,55,70,70,70,45,35,70,35,0,1,0,1,1,0,35.5,0
198,8559,2/22/11 0:00,45,70,55,70,50,40,55,50,0,1,0,1,1,0,35.5,0
199,8559,2/22/12 0:00,57,56,45,54,54,48,48,58,0,1,0,1,1,0,35.5,0
200,8559,9/20/13 0:00,57,53,42,38,54,39,48,58,0,1,0,1,1,0,35.5,1
201,8559,9/19/14 0:00,57,73,72,43,56,39,48,58,0,1,0,1,1,0,35.5,0
202,8559,9/10/15 0:00,57,61,72,60,38,39,48,58,0,1,0,1,1,0,35.5,0
203,9827,2/22/10 0:00,70,35,70,50,70,55,70,70,0,1,0,1,0,1,44.5,8
204,9827,2/22/11 0:00,50,35,50,65,65,55,45,65,0,1,0,1,1,0,44.5,4
205,9827,2/22/12 0:00,49,37,49,64,51,44,46,49,0,1,0,1,1,0,44.5,9
207,9827,9/19/14 0:00,38,36,49,55,51,37,33,49,0,1,0,1,1,0,44.5,5
208,9827,9/10/15 0:00,51,48,49,63,44,57,52,49,0,1,0,1,1,0,44.5,9
209,9789,2/22/10 0:00,70,45,70,34,66,54,70,53,0,1,1,0,0,1,35.0,1
210,9789,2/22/11 0:00,73,43,60,53,64,59,67,46,0,1,0,1,1,0,35.0,8
211,9789,2/22/12 0:00,71,45,67,44,70,58,69,46,0,1,1,0,1,0,35.0,1
212,9789,9/20/13 0:00,74,45,70,48,76,60,70,48,0,1,0,1,1,0,35.0,7
213,9789,9/19/14 0:00,76,61,53,44,73,60,68,43,0,1,1,0,1,0,35.0,1
214,9789,9/10/15 0:00,71,40,70,44,49,65,71,40,0,1,1,0,1,0,35.0,8
215,9788,2/22/10 0:00,65,45,50,70,65,55,40,65,0,1,0,1,1,0,53.0,4
216,9788,2/22/11 0:00,63,46,60,51,61,49,58,49,0,1,0,1,1,0,53.0,1
217,9788,2/22/12 0:00,57,64,54,48,55,33,43,38,0,1,0,1,1,0,53.0,3
218,9788,9/20/13 0:00,76,40,66,48,30,33,53,41,0,1,1,0,1,0,53.0,3
219,9788,9/19/14 0:00,31,32,38,26,49,43,50,41,0,1,1,0,1,0,53.0,5
220,9788,9/10/15 0:00,31,32,38,26,49,41,48,39,0,1,1,0,1,0,53.0,5
224,8678,2/22/10 0:00,70,70,70,70,60,70,70,70,0,1,0,1,1,0,40.0,7
225,8678,2/22/11 0:00,51,66,68,33,47,27,46,48,0,1,0,1,1,0,40.0,3
226,8678,2/22/12 0:00,46,46,54,60,52,48,50,62,0,1,0,1,1,0,40.0,9
227,8678,9/20/13 0:00,39,38,54,43,52,48,50,62,0,1,0,1,1,0,40.0,9
228,8678,9/19/14 0:00,47,48,46,48,41,48,50,62,0,1,0,1,1,0,40.0,9
229,8678,9/10/15 0:00,47,47,49,45,47,48,50,62,0,1,0,1,1,0,40.0,9
230,10264,2/22/10 0:00,30,30,55,50,60,30,30,30,0,1,0,1,1,0,35.0,5
231,10264,2/22/11 0:00,30,30,55,50,60,40,60,50,0,1,0,1,1,0,35.0,6
232,10264,2/22/12 0:00,53,46,53,53,52,23,48,39,0,1,0,1,1,0,35.0,3
233,10264,9/20/13 0:00,66,54,53,53,52,25,56,39,0,1,0,1,1,0,35.0,0
234,10264,9/19/14 0:00,53,55,53,65,39,25,56,39,0,1,0,1,1,0,35.0,0
235,10264,9/10/15 0:00,55,55,62,65,39,25,56,39,0,1,0,1,1,0,35.0,0
236,9858,2/22/10 0:00,30,30,35,50,70,45,30,55,0,1,1,0,0,1,56.0,5
237,9858,2/22/11 0:00,30,50,50,65,65,45,45,55,0,1,0,1,1,0,56.0,4
238,9858,2/22/12 0:00,35,35,35,20,65,35,45,50,0,1,0,1,1,0,56.0,5
239,9858,9/20/13 0:00,42,43,45,25,75,41,52,62,0,1,1,0,1,0,56.0,1
240,9858,9/19/14 0:00,42,27,54,25,75,41,52,57,0,1,0,1,1,0,56.0,5
241,9858,9/10/15 0:00,42,43,41,48,69,41,52,57,0,1,0,1,1,0,56.0,2
242,8521,2/22/10 0:00,50,40,30,40,60,70,70,70,0,1,0,1,1,0,48.0,6
243,8521,2/22/11 0:00,65,35,50,65,50,55,45,65,0,1,0,1,1,0,48.0,8
244,8521,2/22/12 0:00,64,62,49,53,66,44,34,51,0,1,0,1,1,0,48.0,1
245,8521,9/20/13 0:00,59,54,49,53,66,44,34,51,0,1,0,1,1,0,48.0,1
248,8191,2/22/10 0:00,70,65,70,70,70,65,70,70,0,1,0,1,1,0,32.0,7
249,8191,2/22/11 0:00,36,52,49,68,55,24,56,66,0,1,0,1,1,0,32.0,9
250,8191,2/22/12 0:00,48,44,56,58,48,52,50,58,0,1,0,1,1,0,32.0,9
251,8191,9/20/13 0:00,54,55,56,59,48,48,50,58,0,1,0,1,1,0,32.0,0
252,8191,9/19/14 0:00,48,74,72,59,58,54,57,58,0,1,0,1,1,0,32.0,0
253,8191,9/10/15 0:00,54,67,72,57,47,63,62,58,0,1,0,1,1,0,32.0,7
254,7819,2/22/10 0:00,65,30,50,65,40,70,65,70,0,1,0,1,1,0,50.0,8
255,7819,2/22/11 0:00,65,35,35,65,65,55,45,65,0,1,0,1,1,0,50.0,2
256,7819,2/22/12 0:00,48,52,48,54,53,47,45,51,0,1,0,1,1,0,50.0,9
258,7819,9/19/14 0:00,62,45,48,54,53,43,42,51,0,1,0,1,1,0,50.0,3
260,8529,2/22/10 0:00,40,30,30,35,55,40,55,60,0,1,0,1,1,0,41.5,9
261,8529,2/22/11 0:00,65,50,50,65,50,45,45,51,0,1,1,0,1,0,41.5,0
262,8529,2/22/12 0:00,40,50,65,50,50,45,45,50,0,1,0,1,1,0,41.5,9
263,8529,9/20/13 0:00,63,36,66,51,51,46,56,51,0,1,1,0,1,0,41.5,8
264,8529,9/19/14 0:00,63,53,33,51,68,37,56,51,0,1,0,1,1,0,41.5,2
265,8529,9/10/15 0:00,67,35,69,58,69,65,65,57,0,1,1,0,0,1,41.5,8
266,7788,9/19/14 0:00,45,42,46,56,57,42,49,47,0,1,0,1,1,0,37.5,9
267,7788,9/10/15 0:00,43,57,46,50,38,42,49,47,0,1,0,1,1,0,37.5,9
268,8344,2/22/10 0:00,65,70,70,70,70,70,70,70,0,1,0,1,1,0,35.0,7
269,8344,2/22/11 0:00,67,49,67,67,48,46,47,53,0,1,0,1,1,0,35.0,0
270,8344,2/22/12 0:00,60,64,54,46,54,47,43,56,0,1,0,1,1,0,35.0,0
271,8344,9/20/13 0:00,60,69,54,59,62,47,43,56,0,1,0,1,1,0,35.0,0
272,8344,9/19/14 0:00,60,54,52,46,41,33,41,39,0,1,0,1,1,0,35.0,3
273,8344,9/10/15 0:00,60,67,52,56,46,33,41,39,0,1,0,1,1,0,35.0,0
274,208931,9/19/14 0:00,32,31,47,36,54,46,44,51,0,1,0,1,1,0,45.5,5
275,208931,9/10/15 0:00,80,65,70,40,50,25,55,35,0,1,0,1,1,0,45.5,0
276,8530,2/22/10 0:00,35,30,30,30,60,35,55,50,0,1,0,1,1,0,52.0,5
277,8530,2/22/11 0:00,65,35,50,65,63,35,55,50,1,0,0,1,0,1,52.0,2
278,8530,2/22/12 0:00,40,50,50,50,50,25,50,35,0,1,0,1,1,0,52.0,3
279,8530,9/20/13 0:00,67,37,67,52,52,37,57,52,1,0,0,1,1,0,52.0,8
280,8530,9/19/14 0:00,75,48,53,52,36,28,67,52,0,1,0,1,1,0,52.0,3
281,8530,9/10/15 0:00,70,48,53,52,36,31,64,52,0,1,0,1,1,0,52.0,3
282,9910,2/22/10 0:00,35,30,45,45,70,35,30,50,0,1,0,1,0,1,56.5,5
283,9910,2/22/11 0:00,43,44,53,45,60,40,41,47,0,1,0,1,1,0,56.5,3
284,9910,2/22/12 0:00,53,62,59,68,52,42,52,68,0,1,0,1,1,0,56.5,4
285,9910,9/20/13 0:00,53,62,59,68,52,42,52,68,0,1,1,0,1,0,56.5,4
286,9910,9/19/14 0:00,53,62,59,68,52,42,52,65,0,1,0,1,1,0,56.5,4
287,9910,9/10/15 0:00,55,38,41,48,50,55,55,59,0,1,1,0,1,0,56.5,2
288,9925,2/22/10 0:00,70,70,65,70,70,60,70,70,0,1,0,1,1,0,50.5,7
289,9925,2/22/11 0:00,54,52,52,67,51,46,46,67,0,1,0,1,1,0,50.5,4
290,9925,2/22/12 0:00,70,58,54,58,60,50,50,60,0,1,0,1,1,0,50.5,1
291,9925,9/20/13 0:00,50,53,57,58,60,55,51,60,0,1,1,0,1,0,50.5,4
292,9925,9/19/14 0:00,70,58,55,61,62,51,54,60,0,1,0,1,1,0,50.5,1
293,9925,9/10/15 0:00,54,53,51,51,62,58,55,56,0,1,0,1,1,0,50.5,1
294,9984,2/22/10 0:00,45,35,70,45,55,65,60,70,0,1,0,1,1,0,49.0,6
295,9984,2/22/11 0:00,50,50,70,65,65,60,50,70,1,0,0,1,1,0,49.0,8
296,9984,2/22/12 0:00,68,54,55,68,42,59,47,62,0,1,0,1,1,0,49.0,4
297,9984,9/20/13 0:00,53,40,55,68,42,59,47,62,0,1,1,0,1,0,49.0,4
298,9984,9/19/14 0:00,53,43,52,58,42,59,47,62,0,1,0,1,1,0,49.0,9
300,9880,2/22/10 0:00,30,30,35,45,65,50,30,50,0,1,0,1,1,0,30.0,5
301,9880,2/22/11 0:00,50,50,35,35,50,35,55,50,0,1,0,1,1,0,30.0,9
302,9880,2/22/12 0:00,60,40,50,35,65,35,45,50,0,1,0,1,1,0,30.0,1
303,9880,9/20/13 0:00,73,44,53,44,73,39,49,57,0,1,0,1,1,0,30.0,1
304,9880,9/19/14 0:00,73,41,53,44,73,39,49,57,0,1,0,1,1,0,30.0,1
305,9880,9/10/15 0:00,66,41,53,44,66,39,49,57,0,1,0,1,1,0,30.0,1
306,8455,2/22/10 0:00,70,60,56,70,70,30,60,35,1,0,1,0,1,0,46.5,0
307,8455,2/22/11 0:00,60,50,60,60,80,35,55,50,1,0,1,0,1,0,46.5,1
308,8455,2/22/12 0:00,60,45,55,45,45,60,62,46,0,1,0,1,1,0,46.5,1
309,8455,9/20/13 0:00,46,41,46,61,63,42,43,46,0,1,0,1,1,0,46.5,2
310,8455,9/19/14 0:00,67,38,41,61,68,39,41,46,0,1,0,1,1,0,46.5,2
311,8455,9/10/15 0:00,67,36,41,34,44,39,41,46,0,1,0,1,1,0,46.5,3
312,8533,2/22/10 0:00,45,30,35,45,65,30,70,65,0,1,0,1,0,1,54.0,2
313,8533,2/22/11 0:00,45,50,49,45,35,36,70,51,0,1,0,1,1,0,54.0,3
314,8533,2/22/12 0:00,60,65,50,50,65,25,45,50,0,1,0,1,1,0,54.0,3
315,8533,9/20/13 0:00,66,67,52,51,66,26,59,51,0,1,1,0,1,0,54.0,1
316,8533,9/19/14 0:00,66,67,52,66,52,46,59,51,0,1,0,1,1,0,54.0,0
318,8342,2/22/10 0:00,35,40,45,50,45,60,70,70,0,1,0,1,1,0,52.0,6
319,8342,2/22/11 0:00,67,47,68,49,53,57,44,47,1,0,1,0,1,0,52.0,8
320,8342,2/22/12 0:00,64,54,48,61,47,60,50,52,0,1,0,1,1,0,52.0,4
321,8342,9/20/13 0:00,45,48,48,61,47,43,59,45,0,1,0,1,1,0,52.0,9
322,8342,9/19/14 0:00,42,45,42,57,47,51,50,57,0,1,0,1,1,0,52.0,9
324,7869,2/22/10 0:00,30,30,35,45,60,35,30,40,0,1,0,1,1,0,46.5,5
325,7869,2/22/11 0:00,39,41,40,42,46,40,38,44,0,1,0,1,1,0,46.5,9
326,7869,2/22/12 0:00,40,53,40,71,48,36,41,52,0,1,0,1,1,0,46.5,4
328,7869,9/19/14 0:00,40,53,40,66,48,36,41,52,0,1,0,1,1,0,46.5,9
329,7869,9/10/15 0:00,53,48,55,59,57,38,39,52,0,1,0,1,1,0,46.5,4
330,2186,2/22/10 0:00,30,45,40,35,65,70,70,65,0,1,0,1,1,0,50.0,6
331,2186,2/22/11 0:00,46,51,48,48,52,48,33,63,0,1,0,1,1,0,50.0,9
332,2186,2/22/12 0:00,57,59,57,33,78,59,51,53,0,1,0,1,1,0,50.0,1
333,2186,9/19/14 0:00,37,38,66,66,33,59,34,64,0,1,0,1,1,0,50.0,9
335,9826,2/22/10 0:00,70,70,70,70,65,65,60,60,0,1,0,1,1,0,40.5,7
336,9826,2/22/11 0:00,53,54,69,48,52,48,43,33,0,1,0,1,1,0,40.5,3
337,9826,2/22/12 0:00,43,46,69,66,47,44,27,53,0,1,0,1,1,0,40.5,4
338,9826,9/20/13 0:00,52,47,69,66,47,36,33,53,0,1,0,1,1,0,40.5,0
339,9826,9/19/14 0:00,61,68,67,62,52,36,34,48,0,1,0,1,1,0,40.5,0
340,9826,9/10/15 0:00,61,67,67,69,50,36,34,41,0,1,0,1,1,0,40.5,0
341,8262,9/10/15 0:00,59,77,52,77,45,32,56,41,0,1,0,1,1,0,43.0,0
344,9783,2/22/10 0:00,30,30,30,45,65,35,35,45,0,1,0,1,0,1,55.0,5
345,9783,2/22/11 0:00,56,42,57,69,61,38,44,69,0,1,0,1,1,0,55.0,4
346,9783,2/22/12 0:00,56,46,38,52,68,45,50,59,0,1,0,1,1,0,55.0,2
349,9783,9/10/15 0:00,53,47,38,52,55,45,50,59,0,1,0,1,0,1,55.0,2
350,9836,2/22/10 0:00,55,40,40,40,55,30,60,30,0,1,0,1,0,1,54.0,2
351,9836,2/22/11 0:00,65,50,50,65,50,35,45,50,0,1,0,1,1,0,54.0,3
352,9836,2/22/12 0:00,51,49,49,52,52,45,46,58,0,1,0,1,1,0,54.0,4
356,8284,9/20/13 0:00,50,49,38,60,53,48,47,59,0,1,0,1,1,0,47.0,4
357,8284,9/10/15 0:00,47,48,32,61,65,50,44,52,0,1,0,1,1,0,47.0,2
358,9938,2/22/10 0:00,70,70,65,70,70,60,70,70,0,1,0,1,1,0,54.5,7
359,9938,2/22/11 0:00,68,53,67,53,67,57,57,63,0,1,0,1,1,0,54.5,8
360,9938,2/22/12 0:00,60,60,50,50,35,40,38,52,0,1,0,1,1,0,54.5,3
361,9938,9/20/13 0:00,53,52,55,53,42,41,41,52,0,1,0,1,1,0,54.5,3
362,9938,9/19/14 0:00,60,60,52,55,38,41,40,52,0,1,0,1,1,0,54.5,3
363,9938,9/10/15 0:00,60,53,55,49,45,48,42,53,0,1,0,1,1,0,54.5,3
365,8372,9/19/14 0:00,62,52,60,55,64,37,56,49,0,1,0,1,1,0,51.0,1
366,8372,9/10/15 0:00,62,52,59,55,52,37,56,49,0,1,0,1,1,0,51.0,3
367,9776,2/22/12 0:00,64,54,52,66,62,54,42,48,0,1,0,1,1,0,52.0,4
368,9776,9/20/13 0:00,68,54,62,66,67,57,47,53,0,1,1,0,1,0,52.0,8
369,9776,9/19/14 0:00,61,62,59,43,55,30,40,39,0,1,0,1,1,0,52.0,3
370,9776,9/10/15 0:00,66,54,62,59,51,57,47,53,0,1,1,0,1,0,52.0,8
371,9810,2/22/10 0:00,60,35,35,70,60,65,30,45,0,1,0,1,1,0,44.5,2
372,9810,2/22/11 0:00,52,43,62,62,41,48,50,53,0,1,0,1,1,0,44.5,9
373,9810,2/22/12 0:00,38,34,47,45,48,46,45,54,0,1,0,1,1,0,44.5,9
374,9810,9/20/13 0:00,41,34,47,45,48,46,45,57,0,1,0,1,1,0,44.5,9
375,9810,9/19/14 0:00,63,42,57,50,52,43,46,55,0,1,0,1,1,0,44.5,1
376,9810,9/10/15 0:00,51,38,47,58,40,48,42,55,0,1,0,1,1,0,44.5,9
377,10268,2/22/10 0:00,30,30,45,50,70,50,45,45,0,1,0,1,1,0,49.5,5
378,10268,2/22/11 0:00,43,39,52,43,46,40,39,51,0,1,0,1,1,0,49.5,9
379,10268,2/22/12 0:00,55,73,53,54,57,49,51,58,0,1,0,1,1,0,49.5,0
381,10268,9/19/14 0:00,55,69,53,54,57,49,51,58,0,1,0,1,1,0,49.5,4
382,10268,9/10/15 0:00,51,48,53,54,57,49,51,58,0,1,0,1,1,0,49.5,4
383,8534,2/22/10 0:00,30,30,30,30,55,30,30,30,0,1,0,1,1,0,43.0,5
384,8534,2/22/11 0:00,50,35,50,50,55,45,45,47,0,1,0,1,0,1,43.0,9
385,8534,2/22/12 0:00,50,50,50,50,50,35,45,50,0,1,0,1,1,0,43.0,3
386,8534,9/20/13 0:00,51,54,53,54,62,39,50,59,0,1,0,1,1,0,43.0,4
387,8534,9/19/14 0:00,63,39,66,67,51,53,57,54,0,1,0,1,1,0,43.0,8
388,8534,9/10/15 0:00,66,36,59,64,63,46,66,48,0,1,0,1,1,0,43.0,8
389,8398,2/22/10 0:00,45,55,30,55,45,68,70,68,0,1,0,1,1,0,47.0,6
390,8398,2/22/11 0:00,64,55,71,38,52,58,48,40,0,1,0,1,1,0,47.0,1
391,8398,2/22/12 0:00,50,48,47,67,53,57,47,52,0,1,0,1,1,0,47.0,4
393,8398,9/19/14 0:00,39,40,52,67,56,47,55,52,0,1,0,1,1,0,47.0,4
394,8558,2/22/10 0:00,55,40,70,55,70,70,50,60,0,1,0,1,1,0,52.0,8
395,8558,2/22/11 0:00,68,55,72,70,54,51,58,56,0,1,0,1,1,0,52.0,8
396,8558,2/22/12 0:00,46,44,52,60,40,37,40,45,0,1,0,1,1,0,52.0,3
397,8558,9/20/13 0:00,50,44,52,60,40,37,40,45,0,1,1,0,1,0,52.0,3
398,8558,9/19/14 0:00,50,44,52,60,40,37,40,45,0,1,0,1,1,0,52.0,3
400,7842,9/20/13 0:00,66,52,47,53,39,46,49,55,0,1,1,0,1,0,56.0,3
401,7842,9/19/14 0:00,66,52,47,53,39,46,49,55,0,1,0,1,1,0,56.0,3
402,7842,9/10/15 0:00,59,52,47,53,39,46,49,55,0,1,0,1,1,0,56.0,3
404,8668,2/22/10 0:00,60,65,60,70,45,40,70,40,0,1,0,1,1,0,39.5,0
405,8668,2/22/11 0:00,60,50,55,70,55,55,65,60,0,1,0,1,1,0,39.5,7
406,8668,2/22/12 0:00,56,56,48,57,56,50,50,60,0,1,0,1,1,0,39.5,4
407,8668,9/20/13 0:00,58,62,48,59,32,41,44,59,0,1,0,1,1,0,39.5,0
408,8668,9/19/14 0:00,61,42,39,59,48,52,58,60,0,1,0,1,1,0,39.5,2
409,8668,9/10/15 0:00,43,40,39,33,63,52,58,59,0,1,0,1,1,0,39.5,6
410,4087,2/22/11 0:00,35,65,50,65,65,45,55,65,0,1,0,1,1,0,43.0,4
411,4087,2/22/12 0:00,53,44,52,52,64,47,56,50,0,1,0,1,1,0,43.0,1
413,4087,9/19/14 0:00,61,44,52,61,48,47,56,50,0,1,0,1,1,0,43.0,2
414,4087,9/10/15 0:00,58,56,52,61,51,47,43,50,0,1,0,1,1,0,43.0,0
415,10218,2/22/11 0:00,73,59,77,33,52,25,47,33,0,1,0,1,1,0,41.0,3
416,10218,2/22/12 0:00,47,52,63,45,37,23,30,32,0,1,0,1,1,0,41.0,3
417,10218,9/10/15 0:00,53,69,48,45,43,29,41,36,0,1,0,1,1,0,41.0,3
419,8722,2/22/10 0:00,55,65,65,40,60,45,55,70,0,1,0,1,1,0,50.0,1
420,8722,2/22/11 0:00,58,71,42,39,50,40,40,56,0,1,0,1,1,0,50.0,3
421,8722,2/22/12 0:00,53,53,57,44,57,43,55,67,0,1,0,1,1,0,50.0,1
422,8722,9/20/13 0:00,60,56,57,44,57,43,55,67,0,1,0,1,1,0,50.0,1
423,8722,9/19/14 0:00,59,57,53,47,59,57,46,54,0,1,0,1,1,0,50.0,1
424,8722,9/10/15 0:00,59,65,57,36,71,42,56,51,0,1,0,1,1,0,50.0,1
425,6631,9/10/15 0:00,39,62,62,66,48,51,58,55,0,1,0,1,1,0,33.0,0
426,8674,2/22/10 0:00,41,32,40,47,69,30,30,30,0,1,0,1,1,0,37.0,5
427,8674,2/22/11 0:00,51,39,48,67,62,43,44,49,0,1,0,1,1,0,37.0,2
428,8674,2/22/12 0:00,44,41,48,64,42,49,47,53,0,1,0,1,1,0,37.0,9
429,8674,9/20/13 0:00,44,44,56,58,42,49,47,53,0,1,0,1,1,0,37.0,9
430,8674,9/19/14 0:00,48,38,57,59,45,49,47,53,0,1,0,1,1,0,37.0,9
431,8674,9/10/15 0:00,55,55,57,59,54,49,47,53,0,1,0,1,1,0,37.0,0
432,9773,2/22/10 0:00,30,30,60,60,60,30,30,30,1,0,1,0,0,1,50.0,5
433,9773,2/22/11 0:00,50,50,50,65,65,55,43,65,0,1,1,0,1,0,50.0,4
434,9773,2/22/12 0:00,52,53,56,72,68,61,49,60,0,1,0,1,1,0,50.0,4
435,9773,9/20/13 0:00,52,53,56,72,68,58,60,57,0,1,0,1,1,0,50.0,4
436,9773,9/19/14 0:00,52,53,56,66,68,58,60,60,0,1,0,1,1,0,50.0,4
437,9773,9/10/15 0:00,70,53,56,66,68,58,60,60,0,1,0,1,1,0,50.0,7
438,9908,2/22/10 0:00,45,45,33,50,67,30,30,30,0,1,0,1,1,0,44.5,5
439,9908,2/22/11 0:00,66,45,41,69,72,34,57,34,0,1,0,1,0,1,44.5,2
440,9908,2/22/12 0:00,47,52,52,54,52,45,49,47,0,1,0,1,1,0,44.5,9
441,9908,9/20/13 0:00,47,52,52,54,60,45,49,47,0,1,0,1,1,0,44.5,4
442,9908,9/19/14 0:00,50,52,55,49,52,45,49,47,0,1,0,1,1,0,44.5,3
443,9908,9/10/15 0:00,50,54,55,64,28,54,58,47,0,1,0,1,1,0,44.5,9
444,9824,9/10/15 0:00,53,56,38,53,46,42,33,58,0,1,0,1,1,0,32.0,9
445,10243,2/22/10 0:00,45,60,45,70,50,50,55,50,0,1,0,1,0,1,49.0,4
446,10243,2/22/11 0:00,48,56,49,61,55,54,49,60,0,1,0,1,1,0,49.0,4
447,10243,2/22/12 0:00,62,46,50,50,54,47,43,56,0,1,0,1,1,0,49.0,1
449,10243,9/19/14 0:00,62,46,47,50,54,47,43,56,0,1,0,1,1,0,49.0,1
451,10235,2/22/10 0:00,30,30,44,41,46,30,30,30,0,1,0,1,1,0,36.5,5
452,10235,2/22/11 0:00,47,53,43,33,32,48,59,53,1,0,0,1,1,0,36.5,9
453,10235,2/22/12 0:00,38,34,60,44,50,43,43,54,0,1,0,1,1,0,36.5,9
454,10235,9/20/13 0:00,44,44,48,62,50,43,43,40,0,1,0,1,1,0,36.5,9
455,10235,9/19/14 0:00,54,60,48,67,50,43,43,40,0,1,0,1,1,0,36.5,0
456,10235,9/10/15 0:00,50,48,48,67,31,43,46,40,0,1,0,1,1,0,36.5,9
457,8535,2/22/10 0:00,67,30,50,60,60,45,30,60,1,0,1,0,0,1,54.0,2
458,8535,2/22/11 0:00,49,50,50,60,60,45,45,50,0,1,0,1,0,1,54.0,4
459,8535,2/22/12 0:00,45,50,65,50,50,45,45,50,0,1,0,1,1,0,54.0,3
460,8535,9/20/13 0:00,53,51,64,51,53,47,47,51,0,1,0,1,1,0,54.0,3
461,8535,9/19/14 0:00,34,33,68,51,53,58,59,67,0,1,0,1,1,0,54.0,6
462,8535,9/10/15 0:00,34,33,68,51,53,58,59,61,0,1,0,1,1,0,54.0,6
463,8194,2/22/10 0:00,65,35,70,50,52,45,70,54,0,1,1,0,1,0,65.5,8
464,8194,2/22/11 0:00,51,38,52,40,54,46,59,34,0,1,0,1,1,0,65.5,3
465,8194,2/22/12 0:00,67,47,67,68,55,56,57,52,0,1,0,1,1,0,65.5,8
466,8194,9/20/13 0:00,41,69,55,68,52,24,48,45,0,1,0,1,1,0,65.5,4
467,8194,9/19/14 0:00,72,57,55,49,37,47,48,50,0,1,0,1,1,0,65.5,3
468,8194,9/10/15 0:00,47,47,55,68,55,56,57,52,0,1,0,1,1,0,65.5,4
469,8358,2/22/10 0:00,50,30,30,70,60,55,50,50,0,1,0,1,1,0,56.0,2
470,8358,2/22/11 0:00,50,47,47,41,34,41,42,50,0,1,0,1,1,0,56.0,3
471,8358,2/22/12 0:00,52,61,62,50,42,30,50,39,0,1,0,1,1,0,56.0,3
472,8358,9/20/13 0:00,59,38,55,39,43,53,62,37,0,1,1,0,1,0,56.0,3
473,8358,9/19/14 0:00,39,48,55,33,44,59,60,39,0,1,1,0,1,0,56.0,6
474,8358,9/10/15 0:00,59,38,55,44,45,53,62,29,0,1,1,0,1,0,56.0,3
475,9891,2/22/10 0:00,30,30,30,45,65,30,30,65,0,1,0,1,0,1,48.0,5
476,9891,2/22/11 0:00,70,48,46,45,65,61,67,65,0,1,0,1,0,1,48.0,1
477,9891,9/10/15 0:00,63,46,51,50,50,55,57,47,0,1,0,1,1,0,48.0,1
478,9879,2/22/10 0:00,60,70,70,70,50,40,35,40,0,1,0,1,1,0,34.0,0
479,9879,2/22/11 0:00,50,55,45,55,40,45,35,50,0,1,0,1,1,0,34.0,9
480,9879,2/22/12 0:00,48,45,38,62,54,38,38,62,0,1,0,1,1,0,34.0,9
481,9879,9/20/13 0:00,52,49,49,56,59,39,39,57,0,1,0,1,1,0,34.0,9
482,9879,9/19/14 0:00,52,56,58,41,54,29,28,39,0,1,0,1,1,0,34.0,3
483,9879,9/10/15 0:00,52,48,39,54,59,29,30,39,0,1,0,1,1,0,34.0,5
484,9987,2/22/10 0:00,45,45,50,35,60,70,65,70,0,1,0,1,1,0,52.0,6
485,9987,2/22/11 0:00,66,52,65,66,51,48,47,54,0,1,0,1,0,1,52.0,8
486,9987,2/22/12 0:00,53,55,55,48,56,47,45,55,0,1,0,1,1,0,52.0,1
487,9987,9/20/13 0:00,58,38,67,48,56,47,45,55,0,1,0,1,1,0,52.0,8
489,9987,9/10/15 0:00,58,38,30,69,56,36,57,70,0,1,0,1,1,0,52.0,2
490,10233,2/22/10 0:00,70,50,70,40,65,40,65,30,0,1,0,1,1,0,52.0,1
491,10233,2/22/11 0:00,65,35,50,50,50,54,65,35,0,1,1,0,1,0,52.0,2
492,10233,2/22/12 0:00,50,50,50,50,50,45,45,50,0,1,0,1,1,0,52.0,3
493,10233,9/20/13 0:00,64,38,66,67,49,46,47,53,0,1,0,1,0,1,52.0,8
494,10233,9/19/14 0:00,64,68,66,53,49,23,47,53,0,1,0,1,1,0,52.0,0
495,10233,9/10/15 0:00,64,68,66,45,23,27,47,53,0,1,0,1,1,0,52.0,3
496,9991,2/22/10 0:00,70,65,60,50,60,45,50,40,0,1,0,1,1,0,55.0,1
497,9991,2/22/11 0:00,55,55,54,74,56,61,39,38,0,1,0,1,1,0,55.0,4
498,9991,2/22/12 0:00,50,47,55,66,47,48,45,52,0,1,0,1,1,0,55.0,4
499,9991,9/20/13 0:00,50,37,28,66,34,50,53,40,0,1,1,0,1,0,55.0,2
500,9991,9/19/14 0:00,50,37,28,66,34,55,59,52,0,1,0,1,1,0,55.0,2
501,9991,9/10/15 0:00,50,37,42,66,34,49,54,52,0,1,0,1,1,0,55.0,9
502,8305,2/22/10 0:00,30,35,35,50,70,40,30,50,0,1,1,0,0,1,41.5,5
503,8305,2/22/11 0:00,54,45,38,54,57,59,39,66,0,1,0,1,1,0,41.5,9
504,8305,2/22/12 0:00,25,40,58,42,52,49,45,47,0,1,0,1,1,0,41.5,9
505,8305,9/20/13 0:00,29,40,58,42,52,49,45,47,0,1,0,1,1,0,41.5,9
506,8305,9/19/14 0:00,35,40,58,42,52,49,45,47,0,1,0,1,1,0,41.5,9
507,8305,9/10/15 0:00,34,38,55,39,49,43,42,49,0,1,0,1,1,0,41.5,9
508,6391,9/20/13 0:00,61,52,55,66,58,47,46,53,0,1,0,1,1,0,53.0,4
509,6391,9/10/15 0:00,48,52,55,53,55,42,46,53,0,1,0,1,1,0,53.0,4
510,9764,2/22/12 0:00,46,41,54,52,46,39,57,53,0,1,0,1,1,0,67.0,3
512,9764,9/19/14 0:00,65,41,54,47,46,39,40,53,0,1,1,0,1,0,67.0,3
513,9764,9/10/15 0:00,68,41,54,47,46,39,40,53,0,1,1,0,1,0,67.0,3
514,8569,2/22/10 0:00,30,50,45,40,70,65,70,65,0,1,0,1,1,0,48.0,6
515,8569,2/22/11 0:00,47,27,45,51,54,48,60,37,0,1,0,1,1,0,48.0,2
516,8569,2/22/12 0:00,52,67,52,73,50,47,45,35,0,1,0,1,1,0,48.0,0
517,8569,9/20/13 0:00,52,43,52,37,50,47,45,40,0,1,0,1,1,0,48.0,3
519,6433,9/19/14 0:00,55,42,37,42,53,43,47,51,0,1,0,1,1,0,42.5,2
520,6433,9/10/15 0:00,58,64,37,42,52,43,47,51,0,1,0,1,1,0,42.5,3
521,8019,9/10/15 0:00,41,59,41,44,54,52,47,50,0,1,0,1,1,0,40.0,9
524,7878,2/22/11 0:00,53,52,54,59,55,54,49,67,0,1,0,1,1,0,56.0,4
525,7878,2/22/12 0:00,48,37,72,76,52,49,45,68,0,1,0,1,1,0,56.0,8
526,7878,9/20/13 0:00,52,37,72,76,52,49,45,68,0,1,0,1,1,0,56.0,8
527,7878,9/19/14 0:00,52,37,67,68,52,49,45,64,0,1,0,1,1,0,56.0,8
528,7878,9/10/15 0:00,57,59,61,63,51,48,45,62,0,1,0,1,1,0,56.0,4
529,9956,2/22/10 0:00,30,50,55,70,55,40,60,60,0,1,0,1,1,0,60.0,4
530,9956,2/22/11 0:00,67,53,55,66,63,43,48,62,0,1,0,1,1,0,60.0,4
531,9956,2/22/12 0:00,50,54,52,54,46,36,43,47,0,1,0,1,1,0,60.0,3
537,8357,2/22/10 0:00,55,45,30,70,70,40,55,60,0,1,0,1,1,0,60.0,2
538,8357,2/22/11 0:00,59,40,56,54,48,59,46,53,0,1,0,1,1,0,60.0,8
539,8357,2/22/12 0:00,68,45,54,44,43,48,56,66,0,1,0,1,1,0,60.0,1
540,8357,9/20/13 0:00,57,53,54,49,46,36,56,33,0,1,0,1,1,0,60.0,3
541,8357,9/19/14 0:00,66,38,56,40,52,49,48,62,0,1,0,1,1,0,60.0,1
542,8357,9/10/15 0:00,54,53,54,49,46,48,56,66,0,1,0,1,1,0,60.0,4
543,9747,2/22/10 0:00,35,30,45,55,70,30,65,30,0,1,0,1,0,1,47.5,5
544,9747,2/22/12 0:00,52,48,53,49,48,33,43,49,0,1,0,1,1,0,47.5,3
545,9747,9/20/13 0:00,52,48,53,49,59,46,43,49,0,1,0,1,1,0,47.5,1
546,9747,9/19/14 0:00,63,48,53,49,48,43,47,49,0,1,0,1,1,0,47.5,3
547,9747,9/10/15 0:00,63,58,42,56,36,49,47,49,0,1,0,1,1,0,47.5,3
548,9790,2/22/10 0:00,70,60,70,60,70,70,45,60,0,1,0,1,1,0,58.5,7
549,9790,2/22/11 0:00,52,29,61,58,54,60,55,52,0,1,0,1,1,0,58.5,8
550,9790,2/22/12 0:00,46,40,60,55,39,55,47,48,0,1,0,1,1,0,58.5,9
551,9790,9/20/13 0:00,34,38,34,59,48,45,35,58,0,1,0,1,1,0,58.5,9
552,9790,9/19/14 0:00,45,58,60,73,62,45,32,63,0,1,0,1,1,0,58.5,4
553,9790,9/10/15 0:00,42,52,62,58,47,44,41,49,0,1,0,1,1,0,58.5,4
554,8429,2/22/10 0:00,70,70,70,70,60,60,65,70,0,1,0,1,1,0,48.0,7
555,8429,2/22/11 0:00,66,52,52,53,34,46,47,52,0,1,0,1,1,0,48.0,3
556,8429,9/10/15 0:00,48,47,73,53,71,55,48,52,1,0,0,1,1,0,48.0,8
557,9904,2/22/10 0:00,55,70,65,45,65,70,70,70,0,1,0,1,1,0,55.0,7
558,9904,2/22/11 0:00,55,56,55,43,53,39,37,53,0,1,0,1,1,0,55.0,3
559,9904,2/22/12 0:00,65,58,63,44,64,39,45,47,0,1,0,1,1,0,55.0,1
560,9904,9/20/13 0:00,78,58,66,39,41,39,48,47,0,1,0,1,1,0,55.0,3
561,9904,9/19/14 0:00,48,38,38,51,40,37,48,56,0,1,0,1,1,0,55.0,9
562,9904,9/10/15 0:00,48,41,38,51,40,35,50,61,0,1,0,1,1,0,55.0,9
563,9860,2/22/10 0:00,70,70,70,70,70,60,70,70,0,1,0,1,1,0,51.0,7
564,9860,2/22/11 0:00,66,53,53,68,66,56,68,66,0,1,0,1,1,0,51.0,7
565,9860,2/22/12 0:00,55,62,55,60,60,50,52,57,0,1,0,1,1,0,51.0,4
566,9860,9/20/13 0:00,52,53,59,60,64,52,53,57,0,1,0,1,1,0,51.0,4
567,9860,9/19/14 0:00,55,62,55,61,60,49,52,57,0,1,0,1,1,0,51.0,4
568,9791,2/22/10 0:00,30,45,31,43,59,30,30,30,0,1,0,1,1,0,45.5,5
569,9791,2/22/11 0:00,69,45,40,70,45,36,66,34,0,1,0,1,1,0,45.5,2
570,9791,2/22/12 0:00,43,27,55,58,60,33,43,47,0,1,0,1,1,0,45.5,5
571,9791,9/20/13 0:00,39,32,40,42,66,47,43,47,0,1,1,0,1,0,45.5,5
572,9791,9/19/14 0:00,46,32,48,58,59,60,62,47,0,1,0,1,1,0,45.5,6
573,9791,9/10/15 0:00,50,61,48,58,59,60,62,47,0,1,0,1,1,0,45.5,4
574,10278,2/22/10 0:00,40,30,50,35,70,35,35,50,0,1,0,1,1,0,47.0,5
575,10278,2/22/11 0:00,54,55,53,40,59,48,58,53,0,1,0,1,1,0,47.0,1
576,10278,2/22/12 0:00,53,54,60,58,60,50,52,58,0,1,0,1,1,0,47.0,4
579,8177,2/22/10 0:00,60,50,45,55,55,55,30,55,0,1,0,1,1,0,48.0,4
580,8177,2/22/11 0:00,59,43,56,50,66,50,43,55,0,1,0,1,1,0,48.0,1
581,8177,2/22/12 0:00,48,45,45,51,46,50,50,55,0,1,0,1,1,0,48.0,9
582,8177,9/20/13 0:00,40,55,63,46,63,50,38,55,0,1,0,1,1,0,48.0,4
583,8177,9/19/14 0:00,68,55,51,59,59,41,60,51,0,1,0,1,1,0,48.0,0
584,8177,9/10/15 0:00,47,55,59,68,45,50,45,57,0,1,0,1,1,0,48.0,4
585,10251,2/22/10 0:00,70,70,60,70,70,60,70,70,0,1,0,1,1,0,49.0,7
586,10251,2/22/11 0:00,48,51,52,64,52,47,47,51,0,1,0,1,1,0,49.0,4
587,10251,2/22/12 0:00,55,44,46,48,44,42,40,40,0,1,0,1,1,0,49.0,3
588,10251,9/20/13 0:00,60,46,58,48,44,47,46,60,0,1,0,1,1,0,49.0,3
589,10251,9/19/14 0:00,55,44,47,43,49,43,41,40,0,1,0,1,1,0,49.0,3
590,8226,2/22/10 0:00,70,30,70,55,55,65,70,65,0,1,0,1,0,1,49.0,8
591,8226,2/22/11 0:00,75,35,72,51,68,68,50,52,0,1,1,0,1,0,49.0,8
592,8226,2/22/12 0:00,61,53,42,62,54,47,59,40,0,1,0,1,1,0,49.0,2
593,8226,9/20/13 0:00,32,53,36,62,64,47,52,45,0,1,0,1,1,0,49.0,9
594,8226,9/19/14 0:00,68,63,68,38,55,56,57,54,0,1,1,0,1,0,49.0,1
595,8226,9/10/15 0:00,69,53,66,62,59,63,61,38,0,1,0,1,1,0,49.0,8
596,8667,2/22/10 0:00,65,60,70,70,55,70,70,70,0,1,0,1,1,0,37.5,7
597,8667,2/22/11 0:00,49,52,64,64,37,46,46,67,0,1,0,1,1,0,37.5,4
598,8667,2/22/12 0:00,61,48,38,60,54,38,42,46,0,1,0,1,1,0,37.5,2
599,8667,9/20/13 0:00,63,48,38,60,54,34,37,46,0,1,0,1,1,0,37.5,2
600,8667,9/19/14 0:00,56,51,54,60,48,38,37,46,0,1,0,1,1,0,37.5,0
601,8667,9/10/15 0:00,56,55,54,49,56,38,37,46,0,1,0,1,1,0,37.5,3
602,8234,2/22/11 0:00,47,54,54,51,46,37,50,53,0,1,0,1,1,0,55.0,3
603,8234,2/22/12 0:00,55,46,47,53,51,33,42,49,0,1,0,1,1,0,55.0,3
605,8234,9/19/14 0:00,54,47,53,33,52,42,36,49,0,1,0,1,1,0,55.0,3
606,8234,9/10/15 0:00,55,46,47,53,51,37,48,49,0,1,0,1,1,0,55.0,3
607,8636,2/22/10 0:00,55,55,50,55,70,50,60,55,1,0,0,1,1,0,58.5,1
608,8636,2/22/11 0:00,55,50,50,55,65,50,60,55,1,0,0,1,1,0,58.5,1
609,8636,2/22/12 0:00,45,50,65,50,65,35,55,35,0,1,0,1,1,0,58.5,3
610,8636,9/20/13 0:00,67,67,68,52,66,36,57,38,0,1,1,0,1,0,58.5,0
611,8636,9/19/14 0:00,67,67,68,69,66,23,57,34,0,1,0,1,1,0,58.5,0
612,8636,9/10/15 0:00,58,54,56,60,53,47,49,63,0,1,0,1,1,0,58.5,4
613,8066,2/22/11 0:00,36,67,66,37,51,37,57,36,0,1,0,1,1,0,48.0,3
614,8066,2/22/12 0:00,61,59,48,52,54,40,40,46,0,1,0,1,1,0,48.0,3
615,8066,9/20/13 0:00,35,54,56,54,61,47,46,46,0,1,0,1,1,0,48.0,9
616,8066,9/19/14 0:00,61,59,50,57,55,43,41,46,0,1,0,1,1,0,48.0,0
617,8066,9/10/15 0:00,48,32,57,48,69,44,44,51,0,1,1,0,1,0,48.0,2
618,1957,2/22/10 0:00,30,50,45,35,70,70,70,70,0,1,0,1,1,0,54.0,6
619,1957,2/22/11 0:00,33,52,48,39,64,32,56,52,0,1,0,1,1,0,54.0,9
620,1957,2/22/12 0:00,58,69,53,42,68,40,50,51,0,1,0,1,1,0,54.0,1
622,1957,9/19/14 0:00,38,38,53,27,66,57,56,49,0,1,0,1,1,0,54.0,6
623,1957,9/10/15 0:00,66,38,53,33,66,57,56,49,0,1,0,1,1,0,54.0,1
624,9885,2/22/10 0:00,45,35,45,55,70,50,35,70,1,0,1,0,0,1,41.0,6
625,9885,2/22/11 0:00,65,50,50,77,50,55,55,35,0,1,0,1,1,0,41.0,0
626,9885,2/22/12 0:00,50,35,65,65,50,35,55,35,0,1,0,1,1,0,41.0,3
627,9885,9/20/13 0:00,39,33,51,63,72,66,67,36,0,1,1,0,1,0,41.0,6
628,9885,9/19/14 0:00,26,24,64,53,72,23,67,36,0,1,0,1,1,0,41.0,5
629,9885,9/10/15 0:00,50,20,65,50,80,35,65,35,0,1,0,1,1,0,41.0,2
630,8350,2/22/10 0:00,45,55,45,70,70,70,70,70,0,1,0,1,1,0,51.0,7
631,8350,2/22/11 0:00,48,42,49,68,53,38,48,53,0,1,0,1,1,0,51.0,4
632,8350,2/22/12 0:00,38,54,43,49,64,37,51,53,0,1,0,1,1,0,51.0,9
633,8350,9/20/13 0:00,61,54,43,62,56,48,50,53,0,1,0,1,1,0,51.0,4
634,8350,9/19/14 0:00,66,53,54,69,51,47,47,49,0,1,0,1,1,0,51.0,4
635,8350,9/10/15 0:00,49,52,49,54,64,41,51,53,0,1,0,1,1,0,51.0,4
636,8295,2/22/10 0:00,70,35,70,65,70,65,40,65,0,1,0,1,1,0,53.5,8
637,8295,2/22/11 0:00,53,55,71,56,56,52,46,47,0,1,0,1,1,0,53.5,8
638,8295,2/22/12 0:00,54,47,53,44,49,34,46,39,0,1,0,1,1,0,53.5,3
639,8295,9/19/14 0:00,56,53,53,46,49,32,46,37,0,1,0,1,1,0,53.5,3
641,8597,2/22/10 0:00,70,70,70,70,65,60,70,70,0,1,0,1,1,0,49.0,7
642,8597,2/22/11 0:00,36,36,37,52,51,48,43,48,0,1,0,1,1,0,49.0,9
643,8597,2/22/12 0:00,56,61,55,48,46,43,43,52,0,1,0,1,1,0,49.0,3
644,8597,9/20/13 0:00,53,54,55,50,49,47,49,52,0,1,0,1,1,0,49.0,3
645,8597,9/19/14 0:00,56,61,56,48,46,44,44,52,0,1,0,1,1,0,49.0,3
646,8597,9/10/15 0:00,50,60,49,62,47,46,46,52,0,1,0,1,1,0,49.0,4
647,8245,2/22/10 0:00,30,45,45,35,70,50,70,50,0,1,0,1,1,0,69.0,6
648,8245,2/22/11 0:00,67,66,49,49,69,57,48,67,0,1,0,1,1,0,69.0,1
649,8245,2/22/12 0:00,75,62,48,53,68,58,43,65,0,1,0,1,1,0,69.0,1
650,8245,9/20/13 0:00,70,50,48,53,68,58,43,60,0,1,0,1,1,0,69.0,1
651,8245,9/19/14 0:00,73,50,64,53,36,30,43,62,0,1,0,1,1,0,69.0,3
652,8245,9/10/15 0:00,59,50,64,53,36,30,43,62,0,1,0,1,1,0,69.0,3
653,8571,2/22/10 0:00,50,60,50,50,50,60,60,65,0,1,0,1,1,0,40.0,6
654,8571,2/22/11 0:00,38,65,38,69,52,34,57,47,1,0,0,1,1,0,40.0,0
655,8571,2/22/12 0:00,31,47,37,67,50,46,45,52,0,1,0,1,1,0,40.0,9
656,8571,9/20/13 0:00,42,40,37,67,30,46,45,52,0,1,0,1,1,0,40.0,9
657,8571,9/19/14 0:00,42,47,37,67,30,46,45,52,0,1,0,1,1,0,40.0,9
659,8203,2/22/10 0:00,65,60,50,40,50,60,70,60,0,1,0,1,1,0,42.0,1
660,8203,2/22/11 0:00,67,57,47,47,52,48,61,48,0,1,0,1,1,0,42.0,1
661,8203,2/22/12 0:00,52,54,47,53,50,52,60,48,0,1,0,1,1,0,42.0,9
662,8203,9/20/13 0:00,52,33,47,53,50,42,60,52,0,1,1,0,1,0,42.0,2
663,8203,9/19/14 0:00,52,40,47,53,50,42,51,52,0,1,0,1,1,0,42.0,9
665,8306,2/22/10 0:00,30,30,45,40,70,35,45,45,0,1,0,1,0,1,55.0,5
666,8306,2/22/11 0:00,54,56,67,61,59,48,56,67,0,1,0,1,1,0,55.0,4
667,8306,2/22/12 0:00,48,44,53,42,53,53,39,57,0,1,0,1,1,0,55.0,9
671,7730,2/22/10 0:00,30,60,40,60,60,55,60,50,0,1,0,1,1,0,55.0,6
672,7730,2/22/12 0:00,37,49,52,60,48,43,43,55,0,1,0,1,1,0,55.0,9
673,7730,9/20/13 0:00,51,49,52,60,48,43,43,55,0,1,0,1,1,0,55.0,4
674,7730,9/19/14 0:00,37,49,52,60,52,46,44,55,0,1,0,1,1,0,55.0,4
675,8543,2/22/10 0:00,60,50,50,40,70,55,50,70,0,1,0,1,1,0,67.0,1
676,8543,2/22/11 0:00,60,35,50,35,51,45,50,35,1,0,0,1,1,0,67.0,3
677,8543,2/22/12 0:00,45,50,65,50,50,35,45,50,0,1,0,1,1,0,67.0,3
678,8543,9/20/13 0:00,51,54,68,52,69,59,53,54,0,1,1,0,1,0,67.0,8
679,8543,9/19/14 0:00,49,54,68,63,69,59,53,54,0,1,0,1,1,0,67.0,8
680,8543,9/10/15 0:00,68,55,68,80,72,59,66,65,0,1,1,0,1,0,67.0,7
681,9746,2/22/10 0:00,55,45,40,50,65,30,70,30,0,1,0,1,1,0,56.0,2
682,9746,2/22/11 0:00,50,50,65,50,65,45,45,65,0,1,0,1,1,0,56.0,4
683,9746,2/22/12 0:00,46,52,49,54,52,47,55,66,0,1,0,1,1,0,56.0,4
684,9746,9/20/13 0:00,46,52,49,54,52,47,55,52,0,1,0,1,1,0,56.0,4
694,2182,2/22/10 0:00,40,35,45,40,70,60,55,45,0,1,0,1,1,0,52.5,6
695,2182,2/22/11 0:00,64,57,68,48,70,59,37,48,0,1,0,1,1,0,52.5,1
696,2182,2/22/12 0:00,67,54,56,62,67,47,47,63,0,1,0,1,1,0,52.5,4
699,2182,9/10/15 0:00,57,40,59,70,67,50,58,45,1,0,1,0,1,0,52.5,8
700,8030,2/22/10 0:00,30,45,45,35,70,70,70,65,0,1,0,1,1,0,48.0,6
701,8030,2/22/11 0:00,63,37,68,30,52,46,60,47,0,1,0,1,1,0,48.0,1
702,8030,2/22/12 0:00,44,52,50,53,68,49,48,65,0,1,0,1,1,0,48.0,4
703,8030,9/20/13 0:00,44,52,50,53,68,49,59,60,0,1,0,1,1,0,48.0,6
704,8030,9/19/14 0:00,62,52,50,63,52,37,58,63,0,1,0,1,1,0,48.0,4
705,8030,9/10/15 0:00,62,52,66,59,58,51,58,40,1,0,0,1,1,0,48.0,8
706,8673,2/22/10 0:00,30,35,55,45,70,65,70,60,0,1,0,1,1,0,49.0,6
707,8673,2/22/11 0:00,67,35,55,36,53,59,48,66,0,1,0,1,1,0,49.0,1
708,8673,2/22/12 0:00,69,55,52,40,53,59,49,67,0,1,0,1,1,0,49.0,1
709,8673,9/20/13 0:00,69,55,52,40,53,59,49,63,0,1,0,1,1,0,49.0,1
710,8673,9/19/14 0:00,54,36,52,51,64,47,46,66,1,0,0,1,1,0,49.0,1
711,8673,9/10/15 0:00,54,36,52,51,64,50,60,58,0,1,1,0,1,0,49.0,2
712,8197,2/22/10 0:00,70,70,70,70,45,70,70,70,0,1,0,1,1,0,38.5,7
713,8197,2/22/11 0:00,36,52,36,52,52,51,34,48,0,1,0,1,1,0,38.5,9
714,8197,2/22/12 0:00,45,48,48,56,56,48,52,54,0,1,0,1,1,0,38.5,9
716,8197,9/19/14 0:00,63,48,47,62,69,58,62,54,0,1,0,1,1,0,38.5,1
717,8197,9/10/15 0:00,63,60,47,64,46,58,65,55,0,1,0,1,1,0,38.5,0
719,8588,2/22/10 0:00,30,30,60,50,70,70,60,70,0,1,0,1,0,1,48.0,6
720,8588,2/22/11 0:00,65,50,50,65,65,45,55,50,0,1,0,1,1,0,48.0,4
721,8588,2/22/12 0:00,64,49,49,53,34,46,44,49,0,1,0,1,1,0,48.0,3
722,8588,9/20/13 0:00,64,49,49,53,37,42,44,49,0,1,0,1,1,0,48.0,3
724,8588,9/10/15 0:00,64,50,49,53,46,46,44,49,0,1,0,1,1,0,48.0,3
725,8581,2/22/10 0:00,30,30,45,40,70,30,35,50,0,1,0,1,1,0,43.5,5
726,8581,2/22/11 0:00,68,56,69,55,58,37,47,54,0,1,0,1,1,0,43.5,0
727,8581,2/22/12 0:00,53,63,55,61,52,47,52,56,0,1,0,1,1,0,43.5,0
728,8581,9/20/13 0:00,57,63,55,61,52,47,52,56,0,1,0,1,1,0,43.5,0
730,8581,9/10/15 0:00,62,65,71,42,65,36,33,42,0,1,0,1,1,0,43.5,0
731,9989,2/22/11 0:00,48,65,55,45,50,46,48,45,0,1,0,1,1,0,44.0,3
732,9989,2/22/12 0:00,69,58,56,52,61,45,49,65,0,1,0,1,1,0,44.0,1
733,9989,9/20/13 0:00,69,58,56,52,61,38,49,65,0,1,1,0,1,0,44.0,1
734,9989,9/19/14 0:00,69,58,56,52,61,38,49,65,0,1,0,1,1,0,44.0,1
736,8639,2/22/10 0:00,70,60,50,45,55,55,70,55,0,1,0,1,1,0,50.5,1
737,8639,2/22/11 0:00,65,65,50,80,50,55,55,35,0,1,0,1,1,0,50.5,0
738,8639,2/22/12 0:00,34,23,63,52,49,58,56,48,0,1,1,0,1,0,50.5,6
739,8639,9/20/13 0:00,34,42,63,52,49,47,42,48,0,1,0,1,1,0,50.5,9
740,8639,9/19/14 0:00,45,42,68,52,49,59,42,48,0,1,0,1,1,0,50.5,8
741,8639,9/10/15 0:00,45,43,68,52,64,59,42,48,0,1,0,1,1,0,50.5,8
742,8650,2/22/10 0:00,50,35,50,60,70,40,60,40,0,1,0,1,1,0,54.0,2
743,8650,2/22/11 0:00,60,50,40,45,60,55,55,50,0,1,0,1,1,0,54.0,1
744,8650,2/22/12 0:00,60,60,48,73,53,50,48,62,0,1,0,1,1,0,54.0,4
745,8650,9/20/13 0:00,39,44,42,34,54,59,52,61,0,1,0,1,1,0,54.0,6
746,8650,9/19/14 0:00,71,32,34,41,61,51,48,62,0,1,0,1,1,0,54.0,2
747,8650,9/10/15 0:00,66,45,34,34,46,51,52,61,0,1,0,1,1,0,54.0,1
748,8537,2/22/10 0:00,30,30,30,30,55,30,30,30,0,1,0,1,0,1,58.0,5
749,8537,2/22/11 0:00,65,50,30,65,65,45,60,30,0,1,0,1,1,0,58.0,2
750,8537,2/22/12 0:00,50,50,35,50,50,35,45,35,0,1,0,1,1,0,58.0,3
751,8537,9/20/13 0:00,58,55,52,57,63,58,49,56,0,1,1,0,1,0,58.0,4
752,8537,9/19/14 0:00,58,67,38,23,77,29,57,32,0,1,0,1,1,0,58.0,1
753,8537,9/10/15 0:00,58,67,38,27,69,31,57,38,0,1,0,1,1,0,58.0,1
754,8244,2/22/11 0:00,63,48,48,68,53,37,58,63,0,1,0,1,1,0,52.0,4
755,8244,2/22/12 0:00,66,72,70,61,54,32,32,62,0,1,0,1,1,0,52.0,0
756,8244,9/20/13 0:00,66,59,43,61,54,32,43,46,0,1,0,1,1,0,52.0,3
757,8244,9/19/14 0:00,66,72,66,67,51,36,38,65,0,1,0,1,1,0,52.0,0
758,9994,2/22/10 0:00,60,60,50,40,50,65,65,70,0,1,0,1,1,0,45.0,1
759,9994,2/22/11 0:00,66,53,48,46,52,48,58,55,0,1,0,1,1,0,45.0,1
760,9994,2/22/12 0:00,67,52,51,50,50,45,52,52,0,1,0,1,1,0,45.0,1
761,9994,9/20/13 0:00,67,52,31,50,50,45,52,52,0,1,0,1,1,0,45.0,2
762,9994,9/19/14 0:00,62,52,42,50,62,45,52,52,0,1,0,1,1,0,45.0,1
764,8689,2/22/10 0:00,45,70,30,50,40,70,60,70,0,1,0,1,0,1,49.0,6
765,8689,2/22/11 0:00,35,35,80,50,50,55,35,65,0,1,0,1,1,0,49.0,8
766,8689,2/22/12 0:00,60,42,48,53,64,43,47,48,0,1,0,1,1,0,49.0,2
769,8689,9/10/15 0:00,57,50,48,53,46,51,56,55,0,1,0,1,1,0,49.0,9
770,10199,2/22/10 0:00,45,60,45,70,60,40,45,50,0,1,0,1,0,1,51.0,4
771,10199,2/22/11 0:00,48,57,63,34,64,56,45,52,0,1,0,1,1,0,51.0,1
772,10199,2/22/12 0:00,46,48,51,53,55,48,47,50,0,1,0,1,1,0,51.0,9
774,10199,9/19/14 0:00,63,51,54,40,66,48,53,50,0,1,0,1,1,0,51.0,1
776,9748,2/22/10 0:00,60,40,70,45,70,70,60,70,0,1,0,1,0,1,60.0,8
777,9748,2/22/11 0:00,65,50,50,50,80,45,45,65,0,1,0,1,1,0,60.0,1
778,9748,2/22/12 0:00,49,52,49,54,67,46,47,47,0,1,0,1,1,0,60.0,4
782,9905,2/22/10 0:00,45,40,45,70,70,50,70,50,0,1,0,1,1,0,48.5,2
783,9905,2/22/11 0:00,65,50,59,62,53,57,53,43,0,1,0,1,1,0,48.5,8
784,9905,2/22/12 0:00,68,57,55,39,60,52,65,53,0,1,0,1,1,0,48.5,1
785,9905,9/20/13 0:00,66,52,55,37,56,48,65,53,0,1,0,1,1,0,48.5,1
786,9905,9/19/14 0:00,67,57,55,38,44,53,60,52,0,1,0,1,1,0,48.5,1
787,9905,9/10/15 0:00,60,53,49,40,44,55,62,47,0,1,0,1,1,0,48.5,1
788,9864,2/22/10 0:00,60,55,40,45,70,45,65,45,0,1,0,1,1,0,46.5,1
789,9864,2/22/11 0:00,58,54,54,55,61,45,47,54,0,1,0,1,1,0,46.5,1
790,9864,2/22/12 0:00,41,36,72,69,50,64,58,42,0,1,0,1,1,0,46.5,8
791,9864,9/20/13 0:00,45,36,72,69,50,64,58,42,0,1,0,1,1,0,46.5,8
792,9864,9/19/14 0:00,45,36,69,69,50,64,58,42,0,1,0,1,1,0,46.5,8
793,9864,9/10/15 0:00,42,36,41,40,50,47,37,52,0,1,0,1,0,1,46.5,9
794,8661,2/22/10 0:00,40,40,50,40,50,45,40,45,0,1,1,0,0,1,53.0,9
795,8661,2/22/11 0:00,53,52,55,52,53,47,48,55,0,1,1,0,1,0,53.0,4
796,8661,2/22/12 0:00,58,57,53,57,53,59,41,56,0,1,0,1,1,0,53.0,4
797,8661,9/20/13 0:00,62,57,53,57,53,59,41,56,0,1,0,1,1,0,53.0,4
800,8456,2/22/10 0:00,70,60,55,70,70,45,55,45,0,1,0,1,1,0,35.0,0
801,8456,2/22/11 0:00,70,60,70,65,75,65,65,50,0,1,1,0,1,0,35.0,7
802,8456,2/22/12 0:00,45,55,40,38,48,50,60,54,0,1,1,0,1,0,35.0,9
803,8456,9/20/13 0:00,36,34,39,44,38,42,44,54,0,1,1,0,1,0,35.0,9
804,8456,9/19/14 0:00,59,29,32,49,62,42,44,54,0,1,0,1,1,0,35.0,2
805,8456,9/10/15 0:00,59,29,38,36,24,48,47,54,1,0,1,0,1,0,35.0,9
806,10260,2/22/10 0:00,70,45,45,70,65,40,50,40,0,1,1,0,1,0,38.0,2
807,10260,2/22/11 0:00,65,40,65,65,70,45,45,65,0,1,1,0,1,0,38.0,8
808,10260,2/22/12 0:00,46,54,46,60,55,40,50,56,0,1,0,1,1,0,38.0,9
809,10260,9/20/13 0:00,46,38,46,68,37,49,49,56,0,1,0,1,1,0,38.0,9
810,10260,9/19/14 0:00,46,54,49,72,56,42,41,56,0,1,0,1,1,0,38.0,4
811,10260,9/10/15 0:00,38,44,49,44,40,54,53,56,0,1,0,1,1,0,38.0,9
812,10212,2/22/10 0:00,30,30,55,50,65,30,30,30,0,1,0,1,0,1,49.0,5
813,10212,2/22/11 0:00,30,30,55,60,50,49,45,50,0,1,0,1,0,1,49.0,9
814,10212,2/22/12 0:00,38,44,54,76,55,38,49,46,0,1,0,1,1,0,49.0,4
816,10212,9/19/14 0:00,67,66,67,64,55,37,45,44,1,0,0,1,1,0,49.0,0
817,10212,9/10/15 0:00,61,66,67,64,55,38,49,46,0,1,0,1,1,0,49.0,0
818,8592,2/22/10 0:00,55,45,70,65,70,65,70,65,0,1,1,0,0,1,69.5,8
819,8592,2/22/11 0:00,65,35,65,65,80,55,55,65,0,1,1,0,1,0,69.5,8
820,8592,2/22/12 0:00,48,50,49,51,48,44,48,51,0,1,0,1,1,0,69.5,3
821,8592,9/20/13 0:00,48,50,49,77,64,44,48,54,0,1,0,1,1,0,69.5,4
822,8592,9/19/14 0:00,51,50,49,69,68,48,48,60,0,1,0,1,1,0,69.5,4
823,8592,9/10/15 0:00,51,41,49,69,31,48,48,60,0,1,0,1,1,0,69.5,4
824,8550,2/22/10 0:00,50,30,50,60,65,30,50,30,0,1,0,1,0,1,45.0,2
825,8550,2/22/11 0:00,65,65,35,65,50,35,35,65,0,1,0,1,1,0,45.0,0
826,8550,2/22/12 0:00,50,49,49,54,53,46,47,50,0,1,0,1,1,0,45.0,9
827,8550,9/19/14 0:00,55,49,49,54,53,46,54,50,0,1,0,1,1,0,45.0,9
828,8550,9/10/15 0:00,55,49,46,54,53,39,46,42,0,1,0,1,1,0,45.0,3
829,8549,2/22/10 0:00,70,70,70,70,50,30,70,30,0,1,0,1,1,0,30.0,0
830,8549,2/22/11 0:00,66,51,64,64,48,54,44,49,0,1,0,1,1,0,30.0,0
831,8549,2/22/12 0:00,60,72,40,56,72,38,42,42,0,1,0,1,1,0,30.0,0
832,8549,9/20/13 0:00,60,40,40,56,57,38,42,52,0,1,0,1,1,0,30.0,2
833,8549,9/19/14 0:00,60,56,49,56,72,38,42,42,0,1,0,1,1,0,30.0,0
834,8549,9/10/15 0:00,60,46,43,55,37,38,42,42,0,1,0,1,1,0,30.0,9
835,9829,2/22/10 0:00,35,55,65,55,45,70,65,70,0,1,0,1,1,0,55.0,6
836,9829,2/22/11 0:00,65,50,65,35,50,35,55,50,0,1,0,1,1,0,55.0,3
837,9829,2/22/12 0:00,52,48,37,37,37,35,34,51,0,1,0,1,1,0,55.0,3
840,9829,9/10/15 0:00,52,43,54,56,23,56,62,51,0,1,0,1,1,0,55.0,9
841,9998,2/22/12 0:00,50,50,55,48,46,46,45,47,0,1,0,1,1,0,50.0,3
842,9998,9/20/13 0:00,50,50,55,67,46,46,45,47,0,1,0,1,1,0,50.0,4
843,9998,9/19/14 0:00,55,55,55,67,46,46,45,47,0,1,0,1,1,0,50.0,4
844,10249,2/22/10 0:00,35,35,55,35,70,70,70,70,0,1,0,1,0,1,50.5,6
845,10249,2/22/11 0:00,50,50,35,50,50,35,55,65,0,1,0,1,1,0,50.5,2
846,10249,2/22/12 0:00,52,47,48,49,52,34,43,37,0,1,0,1,1,0,50.5,3
848,10249,9/19/14 0:00,52,47,48,49,52,53,56,48,0,1,0,1,1,0,50.5,9
849,10249,9/10/15 0:00,54,65,48,49,45,53,56,48,0,1,0,1,1,0,50.5,3
850,8348,9/20/13 0:00,38,43,51,54,39,44,46,48,0,1,0,1,1,0,58.0,9
852,9927,2/22/10 0:00,70,70,70,70,65,60,70,70,0,1,0,1,1,0,46.5,7
853,9927,2/22/11 0:00,48,49,52,52,48,47,46,48,0,1,0,1,1,0,46.5,9
854,9927,2/22/12 0:00,70,55,40,46,60,38,42,62,0,1,0,1,1,0,46.5,1
855,9927,9/20/13 0:00,67,54,49,47,58,39,43,64,0,1,0,1,1,0,46.5,1
856,9927,9/19/14 0:00,70,55,42,47,60,41,43,62,0,1,0,1,1,0,46.5,1
857,9927,9/10/15 0:00,64,55,44,45,27,37,44,51,0,1,0,1,1,0,46.5,3
858,274581,9/10/15 0:00,50,50,50,50,50,45,45,50,0,1,0,1,1,0,50.0,3
861,9761,2/22/10 0:00,30,35,35,40,60,30,30,30,0,1,0,1,1,0,46.5,5
862,9761,2/22/11 0:00,33,44,35,40,60,42,47,54,1,0,0,1,1,0,46.5,9
863,9761,2/22/12 0:00,40,48,48,47,42,43,48,50,0,1,0,1,1,0,46.5,9
864,9761,9/20/13 0:00,58,53,48,47,46,43,48,50,0,1,0,1,1,0,46.5,3
865,9761,9/19/14 0:00,46,54,32,42,42,43,39,50,0,1,0,1,1,0,46.5,9
866,9761,9/10/15 0:00,45,59,32,42,54,36,39,40,0,1,0,1,1,0,46.5,3
867,10214,2/22/10 0:00,45,30,60,55,50,30,30,30,0,1,0,1,0,1,59.0,5
868,10214,2/22/11 0:00,47,30,60,55,50,35,55,48,0,1,0,1,1,0,59.0,2
869,10214,2/22/12 0:00,41,43,53,59,53,49,50,57,0,1,0,1,1,0,59.0,4
871,10214,9/19/14 0:00,41,43,53,44,53,42,42,57,0,1,0,1,1,0,59.0,9
872,10214,9/10/15 0:00,65,43,53,44,53,42,42,57,0,1,0,1,1,0,59.0,1
873,8481,2/22/10 0:00,65,40,60,70,30,70,70,70,0,1,0,1,1,0,48.0,8
874,8481,2/22/11 0:00,35,35,35,65,35,35,55,50,0,1,0,1,1,0,48.0,9
875,8481,2/22/12 0:00,49,49,52,53,67,43,46,50,0,1,0,1,1,0,48.0,4
879,9830,2/22/10 0:00,55,35,60,65,35,30,45,30,0,1,0,1,1,0,61.5,3
880,9830,2/22/11 0:00,50,50,35,50,35,45,55,50,0,1,0,1,1,0,61.5,3
881,9830,2/22/12 0:00,46,51,52,34,49,47,43,50,0,1,0,1,1,0,61.5,3
882,9830,9/20/13 0:00,46,51,52,44,49,47,51,54,0,1,0,1,1,0,61.5,3
883,9830,9/19/14 0:00,63,48,52,55,49,47,51,54,0,1,0,1,1,0,61.5,3
884,9830,9/10/15 0:00,63,56,52,55,46,39,41,52,0,1,0,1,1,0,61.5,3
887,8464,2/22/10 0:00,32,30,35,40,60,30,30,30,0,1,0,1,1,0,42.0,5
888,8464,2/22/11 0:00,47,46,48,78,32,33,54,31,1,0,0,1,1,0,42.0,0
889,8464,2/22/12 0:00,46,38,39,55,50,45,48,53,0,1,0,1,1,0,42.0,9
890,8464,9/20/13 0:00,46,41,52,37,57,45,48,53,0,1,0,1,1,0,42.0,9
891,8464,9/19/14 0:00,49,59,52,49,55,40,48,53,0,1,0,1,1,0,42.0,3
892,10261,2/22/10 0:00,70,60,65,70,60,45,65,45,0,1,0,1,1,0,39.0,0
893,10261,2/22/11 0:00,55,50,60,50,60,45,45,50,0,1,0,1,1,0,39.0,1
894,10261,2/22/12 0:00,54,54,54,68,48,52,48,42,0,1,0,1,1,0,39.0,0
895,10261,9/20/13 0:00,58,72,48,51,46,41,39,51,0,1,0,1,1,0,39.0,0
896,10261,9/19/14 0:00,54,47,47,51,39,56,54,51,0,1,0,1,1,0,39.0,9
897,10261,9/10/15 0:00,58,49,47,54,46,41,39,51,0,1,0,1,1,0,39.0,3
898,9831,2/22/10 0:00,70,70,60,30,65,70,70,70,0,1,0,1,1,0,58.0,7
899,9831,2/22/11 0:00,50,50,50,50,65,45,45,35,0,1,0,1,1,0,58.0,3
900,9831,2/22/12 0:00,48,66,49,51,34,26,47,64,0,1,0,1,1,0,58.0,3
901,9831,9/20/13 0:00,48,66,49,66,34,56,47,64,0,1,0,1,1,0,58.0,4
903,9831,9/10/15 0:00,48,53,49,66,38,57,47,61,0,1,0,1,1,0,58.0,4
904,9850,2/22/10 0:00,65,70,70,70,55,60,70,70,0,1,0,1,1,0,33.0,7
905,9850,2/22/11 0:00,49,52,48,64,66,34,54,48,0,1,0,1,1,0,33.0,0
906,9850,2/22/12 0:00,63,61,42,76,62,40,50,42,0,1,0,1,1,0,33.0,0
907,9850,9/20/13 0:00,70,70,56,67,48,40,43,53,0,1,0,1,1,0,33.0,0
908,9850,9/19/14 0:00,45,64,55,67,42,40,43,51,0,1,0,1,1,0,33.0,0
909,9850,9/10/15 0:00,45,55,46,54,47,38,39,51,0,1,0,1,1,0,33.0,9
910,6269,2/22/11 0:00,53,35,50,64,49,60,51,40,0,1,0,1,0,1,57.0,8
911,6269,2/22/12 0:00,55,50,50,50,50,35,45,50,0,1,0,1,1,0,57.0,3
912,6269,9/20/13 0:00,66,62,56,55,61,36,49,62,0,1,0,1,1,0,57.0,1
913,6269,9/19/14 0:00,66,56,56,55,57,36,49,53,0,1,0,1,1,0,57.0,3
914,8165,2/22/10 0:00,45,50,40,70,70,55,55,40,0,1,0,1,1,0,60.0,4
915,8165,2/22/11 0:00,45,50,47,45,56,55,61,46,0,1,0,1,1,0,60.0,6
916,8165,2/22/12 0:00,44,49,51,49,48,30,40,43,0,1,0,1,1,0,60.0,3
917,8165,9/20/13 0:00,46,49,56,54,67,39,57,44,0,1,0,1,1,0,60.0,4
918,8165,9/19/14 0:00,46,38,58,48,55,51,50,47,0,1,0,1,1,0,60.0,8
919,8165,9/10/15 0:00,46,49,51,52,59,30,40,44,0,1,0,1,1,0,60.0,3
920,8388,2/22/10 0:00,55,40,50,55,55,30,55,55,0,1,0,1,0,1,48.0,2
921,8388,2/22/11 0:00,71,53,38,53,53,40,49,55,0,1,0,1,1,0,48.0,2
922,8388,2/22/12 0:00,44,45,54,41,57,50,46,62,0,1,0,1,1,0,48.0,9
927,2033,2/22/10 0:00,45,55,50,60,45,50,45,60,0,1,1,0,1,0,62.0,4
928,2033,2/22/11 0:00,65,55,50,50,65,50,45,35,0,1,1,0,1,0,62.0,1
929,2033,2/22/12 0:00,45,40,53,37,44,37,24,44,0,1,0,1,1,0,62.0,5
930,2033,9/20/13 0:00,45,52,53,37,43,37,31,44,0,1,1,0,1,0,62.0,3
932,8573,9/19/14 0:00,52,54,45,42,53,42,47,44,0,1,0,1,1,0,49.0,3
934,8371,2/22/10 0:00,35,35,45,65,55,30,65,55,0,1,1,0,1,0,53.0,2
935,8371,2/22/11 0:00,55,54,56,69,68,48,61,68,0,1,1,0,1,0,53.0,4
936,8371,2/22/12 0:00,34,52,55,59,54,47,52,69,0,1,0,1,1,0,53.0,4
937,8371,9/20/13 0:00,38,52,55,59,54,47,52,69,0,1,0,1,1,0,53.0,4
938,8371,9/19/14 0:00,38,52,55,59,54,47,52,65,0,1,0,1,1,0,53.0,4
940,1773,2/22/12 0:00,52,50,50,53,54,43,44,50,0,1,0,1,1,0,51.0,3
943,6403,2/22/10 0:00,30,30,50,60,60,30,30,30,0,1,0,1,0,1,40.0,5
944,6403,2/22/11 0:00,50,50,50,49,49,45,55,50,0,1,0,1,0,1,40.0,9
945,6403,2/22/12 0:00,38,39,52,53,52,36,39,68,0,1,0,1,1,0,40.0,9
946,6403,9/20/13 0:00,50,39,52,53,52,36,39,64,0,1,0,1,1,0,40.0,9
947,6403,9/19/14 0:00,38,39,52,53,52,36,39,64,0,1,0,1,1,0,40.0,9
948,6403,9/10/15 0:00,63,39,64,53,52,36,39,64,0,1,0,1,1,0,40.0,8
949,8460,2/22/10 0:00,70,49,50,34,55,30,48,30,0,1,0,1,1,0,46.0,3
950,8460,2/22/11 0:00,52,48,49,37,55,36,48,40,0,1,0,1,1,0,46.0,3
951,8460,2/22/12 0:00,67,59,52,48,68,33,52,53,0,1,0,1,1,0,46.0,1
952,8460,9/20/13 0:00,67,59,52,48,68,40,52,53,0,1,0,1,1,0,46.0,1
953,8460,9/19/14 0:00,73,55,52,48,63,33,55,53,0,1,0,1,1,0,46.0,1
954,8460,9/10/15 0:00,67,62,56,48,56,25,29,54,0,1,0,1,1,0,46.0,3
955,8540,2/22/10 0:00,63,50,30,30,70,45,40,60,0,1,0,1,1,0,60.5,1
956,8540,2/22/11 0:00,65,35,50,65,50,35,45,50,1,0,0,1,1,0,60.5,2
957,8540,2/22/12 0:00,60,40,50,35,65,45,45,50,0,1,0,1,1,0,60.5,1
958,8540,9/20/13 0:00,66,37,56,34,63,43,42,48,1,0,1,0,1,0,60.5,1
959,8540,9/19/14 0:00,66,37,56,34,63,43,42,48,0,1,0,1,1,0,60.5,1
960,8540,9/10/15 0:00,66,36,60,34,64,44,58,50,0,1,0,1,1,0,60.5,1
961,9847,2/22/10 0:00,50,65,40,65,55,70,70,70,0,1,0,1,0,1,58.5,7
962,9847,2/22/11 0:00,35,35,35,35,50,45,55,65,0,1,0,1,1,0,58.5,6
963,9847,2/22/12 0:00,49,41,62,52,60,49,46,52,0,1,0,1,1,0,58.5,8
965,9847,9/19/14 0:00,49,55,62,61,68,57,53,56,0,1,0,1,1,0,58.5,4
966,9847,9/10/15 0:00,49,34,62,61,35,57,53,56,0,1,0,1,1,0,58.5,8
967,10167,2/22/10 0:00,30,30,40,60,70,45,30,70,1,0,1,0,0,1,68.5,5
968,10167,2/22/11 0:00,50,30,48,55,65,45,47,50,0,1,0,1,1,0,68.5,2
969,10167,2/22/12 0:00,45,35,50,65,50,45,45,50,0,1,0,1,0,1,68.5,4
970,10167,9/20/13 0:00,48,33,46,62,45,39,43,46,0,1,0,1,1,0,68.5,2
971,10167,9/19/14 0:00,48,33,69,62,45,54,66,46,0,1,0,1,0,1,68.5,8
972,10167,9/10/15 0:00,48,33,69,62,45,43,43,46,0,1,0,1,1,0,68.5,8
973,8426,9/19/14 0:00,48,37,49,50,52,47,44,52,0,1,0,1,1,0,49.0,9
974,8426,9/10/15 0:00,48,47,47,53,60,46,46,49,0,1,0,1,1,0,49.0,9
975,6413,9/20/13 0:00,47,49,50,50,54,46,44,51,0,1,0,1,1,0,38.0,9
976,6413,9/19/14 0:00,57,39,57,50,54,58,60,63,0,1,0,1,1,0,38.0,8
977,6413,9/10/15 0:00,45,56,57,50,58,58,60,63,0,1,0,1,1,0,38.0,6
978,6547,9/10/15 0:00,54,39,52,56,38,40,35,46,0,1,0,1,1,0,54.0,3
979,9878,2/22/11 0:00,50,60,35,50,35,35,60,50,0,1,0,1,1,0,41.5,9
980,9878,2/22/12 0:00,65,65,65,50,65,45,45,35,0,1,0,1,1,0,41.5,0
981,9878,9/20/13 0:00,55,40,58,47,36,44,48,48,0,1,1,0,1,0,41.5,9
982,9878,9/19/14 0:00,64,36,51,64,54,26,46,48,0,1,0,1,1,0,41.5,2
983,9878,9/10/15 0:00,64,53,41,49,41,39,46,43,0,1,0,1,1,0,41.5,3
984,8028,2/22/10 0:00,30,45,45,35,70,65,70,60,0,1,0,1,1,0,52.0,6
985,8028,9/20/13 0:00,30,46,48,37,39,32,45,48,0,1,0,1,1,0,52.0,9
986,8028,9/19/14 0:00,64,67,64,66,39,36,45,48,0,1,0,1,1,0,52.0,0
988,8033,2/22/12 0:00,54,51,48,47,42,47,57,48,0,1,0,1,1,0,55.0,3
990,8033,9/19/14 0:00,72,66,66,51,49,29,35,38,0,1,0,1,1,0,55.0,3
991,8033,9/10/15 0:00,68,66,66,51,49,29,35,38,0,1,0,1,1,0,55.0,3
992,8023,9/20/13 0:00,67,54,56,62,67,47,47,63,0,1,0,1,1,0,40.5,1
993,8023,9/19/14 0:00,50,36,52,36,52,50,60,47,1,0,0,1,1,0,40.5,9
994,8023,9/10/15 0:00,50,36,52,40,52,57,54,47,0,1,0,1,1,0,40.5,9
1001,8462,2/22/10 0:00,70,70,70,70,55,40,70,40,0,1,0,1,1,0,32.0,0
1002,8462,2/22/11 0:00,36,48,48,66,51,36,44,48,0,1,0,1,1,0,32.0,9
1003,8462,2/22/12 0:00,64,59,40,42,56,49,51,44,0,1,0,1,1,0,32.0,1
1004,8462,9/20/13 0:00,68,62,40,47,56,49,51,44,0,1,0,1,1,0,32.0,0
1005,8462,9/19/14 0:00,59,57,49,47,53,39,40,44,0,1,0,1,1,0,32.0,0
1007,8640,2/22/10 0:00,30,30,33,52,70,30,30,30,0,1,0,1,1,0,39.0,5
1008,8640,2/22/11 0:00,63,30,67,65,68,57,37,64,0,1,1,0,0,1,39.0,8
1009,8640,2/22/12 0:00,33,42,40,55,48,43,30,48,0,1,0,1,1,0,39.0,9
1010,8640,9/20/13 0:00,54,45,55,58,55,43,50,48,0,1,0,1,1,0,39.0,9
1011,8640,9/19/14 0:00,67,40,53,53,55,50,62,55,0,1,0,1,1,0,39.0,1
1012,8640,9/10/15 0:00,67,43,53,44,28,40,40,48,0,1,0,1,1,0,39.0,3
1013,10172,2/22/10 0:00,70,70,70,70,70,70,70,70,0,1,0,1,1,0,37.5,7
1014,10172,2/22/11 0:00,51,49,36,48,52,44,43,40,0,1,0,1,1,0,37.5,9
1015,10172,2/22/12 0:00,57,58,60,48,48,42,51,44,0,1,0,1,1,0,37.5,0
1016,10172,9/20/13 0:00,58,54,53,39,54,49,47,44,0,1,0,1,1,0,37.5,1
1017,10172,9/19/14 0:00,52,53,53,54,54,50,44,54,0,1,0,1,1,0,37.5,9
1018,10172,9/10/15 0:00,30,61,53,53,60,50,44,54,0,1,0,1,1,0,37.5,9
1019,8696,2/22/10 0:00,45,55,70,70,65,45,55,50,0,1,1,0,1,0,52.0,4
1020,8696,2/22/11 0:00,53,56,73,72,39,47,37,53,0,1,0,1,1,0,52.0,4
1021,8696,2/22/12 0:00,43,44,61,71,50,50,50,68,0,1,0,1,1,0,52.0,4
1022,8696,9/20/13 0:00,47,44,61,71,50,50,50,68,0,1,0,1,1,0,52.0,4
1023,8696,9/10/15 0:00,48,47,53,53,53,51,47,53,0,1,0,1,1,0,52.0,4
1024,8548,2/22/10 0:00,65,50,70,70,70,60,70,70,0,1,0,1,1,0,51.0,7
1025,8548,2/22/11 0:00,51,33,48,67,79,46,47,51,0,1,0,1,1,0,51.0,2
1026,8548,2/22/12 0:00,45,45,38,62,60,48,48,62,0,1,0,1,1,0,51.0,4
1027,8548,9/20/13 0:00,55,45,38,52,60,48,48,52,0,1,0,1,1,0,51.0,2
1029,8548,9/10/15 0:00,45,55,38,62,53,48,48,55,0,1,0,1,1,0,51.0,4
1030,8370,2/22/10 0:00,40,30,35,50,70,30,50,40,0,1,0,1,0,1,52.0,5
1031,8370,2/22/11 0:00,53,55,44,56,61,58,52,68,0,1,0,1,1,0,52.0,4
1032,8370,2/22/12 0:00,41,44,44,44,47,63,51,59,0,1,0,1,1,0,52.0,6
1033,8370,9/20/13 0:00,45,44,44,44,47,63,51,59,1,0,0,1,1,0,52.0,6
1034,8370,9/19/14 0:00,45,44,44,44,47,63,51,59,0,1,0,1,1,0,52.0,6
1035,8370,9/10/15 0:00,29,44,44,44,47,54,52,63,0,1,0,1,1,0,52.0,6
1036,9798,2/22/10 0:00,70,70,70,70,70,70,60,70,0,1,0,1,1,0,31.0,7
1037,9798,2/22/11 0:00,49,36,57,73,55,49,31,67,0,1,0,1,1,0,31.0,4
1038,9798,2/22/12 0:00,49,49,46,58,56,49,51,45,0,1,0,1,1,0,31.0,9
1039,9798,9/20/13 0:00,49,61,55,58,37,39,44,52,0,1,0,1,1,0,31.0,0
1040,9798,9/19/14 0:00,44,72,71,39,37,58,52,52,0,1,0,1,1,0,31.0,0
1041,9798,9/10/15 0:00,44,64,62,65,42,51,47,52,0,1,0,1,1,0,31.0,0
1042,8603,2/22/10 0:00,45,45,30,50,55,50,45,55,0,1,1,0,0,1,49.0,9
1043,8603,2/22/11 0:00,37,51,68,66,72,42,40,53,0,1,1,0,1,0,49.0,4
1044,8603,2/22/12 0:00,55,37,59,43,53,58,49,58,0,1,0,1,1,0,49.0,8
1045,8603,9/20/13 0:00,59,37,59,43,53,58,49,58,0,1,0,1,1,0,49.0,8
1048,8633,2/22/10 0:00,55,30,70,60,70,65,40,65,1,0,1,0,0,1,55.5,8
1049,8633,2/22/11 0:00,54,39,67,60,67,68,55,55,1,0,1,0,1,0,55.5,8
1050,8633,2/22/12 0:00,45,35,71,54,73,49,60,68,1,0,1,0,1,0,55.5,8
1051,8633,9/20/13 0:00,50,41,68,54,72,39,49,65,0,1,1,0,1,0,55.5,8
1052,8633,9/19/14 0:00,50,41,68,54,69,39,49,65,0,1,1,0,1,0,55.5,8
1053,8633,9/10/15 0:00,50,46,61,41,63,52,60,63,1,0,1,0,1,0,55.5,1
1054,8560,2/22/10 0:00,40,30,50,40,70,45,30,35,1,0,0,1,0,1,52.0,5
1055,8560,2/22/11 0:00,54,43,54,51,60,49,49,51,0,1,0,1,1,0,52.0,1
1056,8560,2/22/12 0:00,24,36,60,52,59,48,53,70,0,1,0,1,1,0,52.0,6
1057,8560,9/20/13 0:00,28,36,60,52,59,48,53,70,0,1,0,1,1,0,52.0,6
1058,8560,9/19/14 0:00,35,36,60,52,59,48,53,65,0,1,0,1,1,0,52.0,6
1059,8560,9/10/15 0:00,60,50,54,60,52,49,53,53,0,1,0,1,1,0,52.0,4
1060,8479,2/22/10 0:00,50,40,40,40,50,35,55,40,0,1,0,1,1,0,45.5,2
1061,8479,2/22/11 0:00,45,58,41,42,52,39,39,66,0,1,0,1,1,0,45.5,9
1062,8479,2/22/12 0:00,41,54,67,50,23,40,49,62,0,1,0,1,1,0,45.5,9
1063,8479,9/20/13 0:00,41,54,45,50,23,40,49,62,0,1,0,1,1,0,45.5,9
1064,8479,9/19/14 0:00,41,54,45,50,35,40,49,62,0,1,0,1,1,0,45.5,9
1065,8479,9/10/15 0:00,37,43,30,42,37,40,49,54,0,1,0,1,1,0,45.5,9
1066,8690,2/22/10 0:00,55,30,30,30,70,40,50,50,0,1,0,1,1,0,55.0,2
1067,8690,2/22/11 0:00,55,30,30,30,49,40,50,50,0,1,0,1,1,0,55.0,2
1068,8690,2/22/12 0:00,50,50,50,65,50,35,45,50,0,1,0,1,1,0,55.0,4
1069,8690,9/20/13 0:00,52,56,57,74,55,38,48,52,0,1,0,1,1,0,55.0,4
1070,8690,9/19/14 0:00,52,56,57,74,53,38,48,52,0,1,0,1,1,0,55.0,4
1071,9837,2/22/11 0:00,35,50,65,50,50,45,45,50,0,1,0,1,1,0,47.5,9
1072,9837,2/22/12 0:00,61,48,48,52,50,33,44,50,0,1,0,1,1,0,47.5,3
1074,9837,9/19/14 0:00,48,48,48,52,50,33,44,50,0,1,0,1,1,0,47.5,3
1075,9837,9/10/15 0:00,48,49,48,52,58,33,44,50,0,1,0,1,1,0,47.5,3
1076,9851,2/22/10 0:00,50,45,70,60,60,70,70,70,0,1,0,1,1,0,62.0,8
1077,9851,2/22/11 0:00,65,35,65,65,65,55,45,65,0,1,0,1,1,0,62.0,8
1078,9851,2/22/12 0:00,64,41,49,52,64,46,44,51,0,1,0,1,1,0,62.0,2
1082,7841,2/22/10 0:00,30,30,45,55,60,30,30,30,0,1,0,1,0,1,47.0,5
1083,7841,2/22/11 0:00,50,50,65,65,50,45,45,50,0,1,0,1,0,1,47.0,4
1084,7841,2/22/12 0:00,36,38,60,54,54,39,50,42,0,1,0,1,1,0,47.0,9
1086,7841,9/19/14 0:00,66,44,58,65,54,39,48,66,0,1,0,1,1,0,47.0,4
1088,10219,2/22/10 0:00,30,50,35,60,55,50,45,55,0,1,0,1,1,0,30.0,9
1089,10219,2/22/12 0:00,47,48,42,38,55,41,41,43,0,1,0,1,1,0,30.0,9
1090,10219,9/20/13 0:00,47,48,66,38,55,29,28,36,0,1,0,1,1,0,30.0,5
1091,10219,9/19/14 0:00,57,55,42,36,55,31,30,38,0,1,0,1,1,0,30.0,3
1092,8551,2/22/10 0:00,35,30,30,30,55,40,65,55,0,1,0,1,0,1,49.0,6
1093,8551,2/22/11 0:00,50,50,50,65,55,40,45,55,0,1,0,1,0,1,49.0,4
1094,8551,2/22/12 0:00,45,50,50,50,50,45,45,50,0,1,0,1,1,0,49.0,9
1095,8551,9/20/13 0:00,47,48,54,56,52,37,49,51,0,1,1,0,1,0,49.0,3
1096,8551,9/19/14 0:00,47,48,64,67,52,44,49,51,0,1,0,1,1,0,49.0,4
1097,9803,2/22/10 0:00,30,35,35,50,70,30,30,30,0,1,0,1,1,0,46.0,5
1098,9803,2/22/11 0:00,65,51,33,38,53,48,57,34,0,1,0,1,0,1,46.0,2
1099,9803,2/22/12 0:00,55,52,62,43,54,47,44,50,0,1,0,1,1,0,46.0,1
1100,9803,9/20/13 0:00,42,44,49,40,38,47,44,55,0,1,0,1,1,0,46.0,9
1101,9803,9/19/14 0:00,43,44,59,45,42,39,37,42,0,1,0,1,1,0,46.0,3
1103,8686,2/22/10 0:00,70,30,60,60,70,55,30,70,1,0,1,0,0,1,37.5,8
1104,8686,2/22/11 0:00,64,30,67,50,65,46,47,50,0,1,1,0,0,1,37.5,8
1105,8686,2/22/12 0:00,60,40,65,35,50,35,45,50,1,0,1,0,0,1,37.5,3
1106,8686,9/20/13 0:00,53,55,77,75,56,49,47,53,0,1,1,0,0,1,37.5,0
1107,8686,9/19/14 0:00,67,38,73,64,56,36,57,34,0,1,1,0,1,0,37.5,0
1108,8686,9/10/15 0:00,68,47,71,54,66,36,57,48,0,1,1,0,1,0,37.5,0
1109,8649,9/20/13 0:00,35,62,50,36,50,40,56,47,0,1,0,1,1,0,49.0,9
1110,8649,9/19/14 0:00,34,34,44,38,38,39,51,44,0,1,0,1,1,0,49.0,9
1111,8649,9/10/15 0:00,45,60,46,49,58,36,53,34,0,1,0,1,1,0,49.0,3
1112,1601,2/22/10 0:00,30,40,50,35,70,65,60,50,0,1,0,1,1,0,48.0,6
1113,1601,2/22/11 0:00,48,51,68,67,51,46,48,50,0,1,0,1,1,0,48.0,4
1114,1601,2/22/12 0:00,53,55,44,65,50,43,44,49,0,1,0,1,1,0,48.0,4
1116,1601,9/19/14 0:00,53,38,66,65,50,43,44,49,0,1,0,1,1,0,48.0,8
1117,1601,9/10/15 0:00,47,38,61,65,50,43,44,49,0,1,0,1,1,0,48.0,4
1118,9853,2/22/10 0:00,65,65,55,60,60,30,30,30,0,1,0,1,0,1,55.0,3
1119,9853,2/22/11 0:00,65,35,35,65,65,35,45,65,0,1,0,1,1,0,55.0,2
1120,9853,2/22/12 0:00,49,52,48,52,52,35,44,50,0,1,0,1,1,0,55.0,3
1122,9853,9/19/14 0:00,58,52,48,52,52,35,44,50,0,1,0,1,1,0,55.0,3
1123,9853,9/10/15 0:00,58,52,48,64,52,48,51,49,0,1,0,1,1,0,55.0,4
1124,9882,2/22/10 0:00,60,30,30,30,65,50,30,55,0,1,1,0,0,1,56.0,2
1125,9882,2/22/11 0:00,50,65,65,65,50,35,45,55,0,1,0,1,1,0,56.0,4
1126,9882,2/22/12 0:00,35,35,35,65,35,45,45,50,0,1,0,1,1,0,56.0,9
1127,9882,9/20/13 0:00,36,38,49,62,33,50,51,53,0,1,0,1,1,0,56.0,9
1128,9882,9/19/14 0:00,36,38,49,52,62,54,57,64,0,1,0,1,0,1,56.0,6
1129,9882,9/10/15 0:00,36,38,49,52,29,50,51,53,0,1,0,1,1,0,56.0,9
1130,7943,2/22/10 0:00,30,30,30,30,60,30,30,30,0,1,0,1,1,0,68.0,5
1131,7943,2/22/11 0:00,50,50,50,61,60,45,30,30,0,1,0,1,1,0,68.0,3
1132,7943,2/22/12 0:00,50,50,50,50,50,35,45,50,0,1,0,1,1,0,68.0,3
1133,7943,9/20/13 0:00,57,60,56,63,64,38,47,53,0,1,0,1,0,1,68.0,4
1134,7943,9/19/14 0:00,57,60,66,57,63,54,47,36,0,1,0,1,0,1,68.0,8
1135,7943,9/10/15 0:00,57,60,56,57,56,38,47,53,0,1,0,1,1,0,68.0,4
1136,7794,2/22/10 0:00,40,45,50,35,55,70,70,70,0,1,0,1,0,1,61.0,6
1137,7794,2/22/12 0:00,50,50,50,51,49,44,45,50,0,1,0,1,1,0,61.0,3
1139,7794,9/19/14 0:00,67,43,56,51,49,39,47,48,0,1,0,1,1,0,61.0,3
1140,7794,9/10/15 0:00,61,52,56,51,49,44,55,48,0,1,0,1,1,0,61.0,3
1141,10228,2/22/10 0:00,35,30,45,45,60,30,30,30,0,1,0,1,1,0,44.0,5
1142,10228,2/22/11 0:00,49,48,52,67,52,58,60,65,1,0,0,1,1,0,44.0,4
1143,10228,2/22/12 0:00,67,53,48,75,39,45,44,48,0,1,0,1,1,0,44.0,0
1144,10228,9/20/13 0:00,47,37,48,52,42,46,44,48,0,1,0,1,1,0,44.0,9
1145,10228,9/19/14 0:00,53,46,65,43,46,46,44,48,0,1,0,1,1,0,44.0,3
1146,10228,9/10/15 0:00,54,56,65,43,44,46,44,48,0,1,0,1,1,0,44.0,3
1147,10189,2/22/10 0:00,65,55,55,70,70,70,45,70,0,1,0,1,1,0,48.5,7
1148,10189,2/22/11 0:00,63,57,55,70,62,37,67,38,0,1,0,1,1,0,48.5,0
1149,10189,2/22/12 0:00,50,36,59,52,56,43,44,53,0,1,0,1,1,0,48.5,9
1150,10189,9/20/13 0:00,60,47,62,54,52,45,58,42,0,1,0,1,1,0,48.5,3
1151,10189,9/19/14 0:00,39,45,42,56,41,51,51,40,0,1,0,1,1,0,48.5,9
1152,10189,9/10/15 0:00,58,42,64,61,37,55,59,56,0,1,0,1,1,0,48.5,8
1156,8302,2/22/10 0:00,30,30,70,60,70,60,70,65,1,0,1,0,0,1,53.0,6
1157,8302,2/22/11 0:00,68,58,68,67,71,57,58,68,1,0,1,0,1,0,53.0,7
1158,8302,2/22/12 0:00,61,65,53,57,38,38,49,55,0,1,0,1,1,0,53.0,3
1159,8302,9/20/13 0:00,65,65,53,57,38,38,49,55,0,1,0,1,1,0,53.0,3
1161,8302,9/10/15 0:00,53,53,53,52,60,42,48,59,0,1,0,1,1,0,53.0,4
1162,10179,2/22/10 0:00,35,60,50,60,60,35,40,45,0,1,0,1,0,1,57.0,4
1163,10179,2/22/11 0:00,47,56,67,56,54,41,43,39,0,1,0,1,1,0,57.0,3
1164,10179,2/22/12 0:00,61,37,62,50,53,45,43,54,0,1,0,1,1,0,57.0,8
1166,10179,9/19/14 0:00,61,37,62,50,53,45,47,54,0,1,0,1,1,0,57.0,8
1168,8025,2/22/10 0:00,30,45,45,35,70,60,70,50,0,1,0,1,1,0,54.0,6
1169,8025,2/22/11 0:00,47,55,45,48,54,48,47,51,0,1,0,1,1,0,54.0,9
1170,8025,2/22/12 0:00,65,63,67,31,67,24,24,39,0,1,0,1,1,0,54.0,3
1171,8025,9/20/13 0:00,65,50,67,31,67,30,30,40,0,1,0,1,1,0,54.0,3
1172,8025,9/19/14 0:00,47,34,38,36,68,37,37,39,0,1,0,1,1,0,54.0,5
1173,8025,9/10/15 0:00,50,35,51,51,55,45,55,39,0,1,0,1,1,0,54.0,2
1174,9874,2/22/10 0:00,66,70,35,40,50,65,30,65,0,1,0,1,1,0,62.0,1
1175,9874,2/22/11 0:00,50,50,35,65,35,45,55,65,0,1,0,1,1,0,62.0,4
1176,9874,2/22/12 0:00,63,39,63,72,49,54,43,49,0,1,0,1,1,0,62.0,8
1177,9874,9/20/13 0:00,63,39,63,64,49,54,43,49,0,1,0,1,1,0,62.0,8
1180,8466,2/22/10 0:00,70,55,70,70,65,70,70,70,0,1,0,1,1,0,36.0,7
1181,8466,2/22/11 0:00,52,37,48,49,47,43,43,48,0,1,0,1,1,0,36.0,9
1182,8466,2/22/12 0:00,47,52,54,56,60,48,52,44,0,1,0,1,1,0,36.0,0
1183,8466,9/20/13 0:00,47,38,52,56,58,57,63,44,0,1,1,0,1,0,36.0,6
1184,8466,9/19/14 0:00,47,40,42,56,51,62,64,44,0,1,1,0,1,0,36.0,6
1185,8466,9/10/15 0:00,52,46,42,54,30,50,65,44,0,1,0,1,1,0,36.0,9
1187,9986,2/22/10 0:00,40,50,45,43,60,70,70,70,0,1,0,1,1,0,47.0,6
1188,9986,2/22/11 0:00,47,36,34,33,53,49,58,48,0,1,0,1,1,0,47.0,2
1189,9986,9/20/13 0:00,60,53,48,50,48,42,48,49,0,1,0,1,1,0,47.0,3
1191,9986,9/10/15 0:00,60,53,48,50,48,39,48,49,0,1,0,1,1,0,47.0,3
1192,9768,2/22/10 0:00,30,30,55,60,55,30,30,30,0,1,1,0,0,1,65.0,5
1193,9768,2/22/11 0:00,50,35,65,65,35,55,45,50,0,1,0,1,1,0,65.0,8
1194,9768,2/22/12 0:00,53,56,67,68,69,52,49,54,0,1,0,1,1,0,65.0,4
1195,9768,9/20/13 0:00,53,56,67,68,60,52,49,54,0,1,1,0,1,0,65.0,4
1196,9768,9/19/14 0:00,55,56,42,50,55,60,60,54,0,1,0,1,1,0,65.0,1
1197,9768,9/10/15 0:00,57,56,42,50,55,60,60,54,0,1,0,1,1,0,65.0,1
1198,9869,2/22/10 0:00,70,55,65,50,70,70,70,55,0,1,0,1,1,0,48.0,7
1199,9869,2/22/11 0:00,68,53,67,51,65,58,51,55,0,1,0,1,1,0,48.0,8
1200,9869,2/22/12 0:00,51,43,68,61,44,36,60,39,0,1,0,1,1,0,48.0,3
1201,9869,9/20/13 0:00,55,43,68,61,44,36,60,39,0,1,0,1,1,0,48.0,3
1203,9869,9/10/15 0:00,55,50,62,59,38,45,54,41,0,1,0,1,1,0,48.0,3
1204,9875,2/22/10 0:00,70,30,30,35,70,50,70,45,1,0,1,0,1,0,72.0,2
1205,9875,2/22/11 0:00,50,35,65,65,50,50,70,45,1,0,0,1,1,0,72.0,8
1206,9875,2/22/12 0:00,60,50,65,65,50,45,55,50,0,1,0,1,1,0,72.0,8
1207,9875,9/20/13 0:00,68,52,68,69,53,44,57,53,0,1,0,1,0,1,72.0,8
1208,9875,9/19/14 0:00,72,34,76,66,73,61,59,39,0,1,0,1,1,0,72.0,8
1209,9875,9/10/15 0:00,53,37,68,54,67,47,57,53,0,1,0,1,0,1,72.0,8
1210,10190,2/22/10 0:00,35,60,35,55,55,50,55,50,0,1,0,1,1,0,46.0,9
1211,10190,2/22/11 0:00,47,55,47,54,56,49,55,48,0,1,0,1,1,0,46.0,9
1212,10190,9/20/13 0:00,52,48,39,39,37,40,41,52,0,1,0,1,1,0,46.0,9
1214,10190,9/10/15 0:00,52,48,39,39,37,40,36,52,0,1,0,1,1,0,46.0,9
1215,9800,2/22/10 0:00,70,70,70,70,70,60,70,70,0,1,0,1,1,0,51.5,7
1216,9800,2/22/11 0:00,48,48,52,48,48,43,44,51,0,1,0,1,1,0,51.5,3
1217,9800,2/22/12 0:00,60,75,62,45,60,50,48,40,0,1,0,1,1,0,51.5,1
1218,9800,9/20/13 0:00,42,43,47,46,60,53,49,42,0,1,0,1,1,0,51.5,9
1219,9800,9/19/14 0:00,58,70,62,56,61,50,49,41,0,1,0,1,1,0,51.5,0
1220,9800,9/10/15 0:00,38,33,53,58,53,60,58,48,0,1,0,1,1,0,51.5,6
1221,8152,2/22/10 0:00,60,60,50,70,70,60,70,55,0,1,0,1,1,0,52.0,7
1222,8152,2/22/11 0:00,60,42,63,55,56,49,60,55,0,1,0,1,1,0,52.0,8
1223,8152,2/22/12 0:00,53,64,60,34,53,49,44,59,0,1,0,1,1,0,52.0,1
1224,8152,9/20/13 0:00,53,56,62,46,53,49,44,57,0,1,0,1,1,0,52.0,1
1225,8152,9/19/14 0:00,53,56,68,53,34,46,44,54,0,1,0,1,1,0,52.0,3
1226,8152,9/10/15 0:00,52,56,62,53,38,39,44,57,0,1,0,1,1,0,52.0,3
1227,8467,2/22/10 0:00,70,50,50,50,50,30,70,30,0,1,0,1,1,0,50.0,3
1228,8467,2/22/11 0:00,67,48,47,47,54,33,47,37,0,1,0,1,1,0,50.0,3
1229,8467,2/22/12 0:00,57,57,46,48,38,42,38,52,0,1,0,1,1,0,50.0,3
1230,8467,9/20/13 0:00,60,58,48,49,38,44,42,56,0,1,0,1,1,0,50.0,3
1231,8467,9/19/14 0:00,56,57,47,49,40,40,40,52,0,1,0,1,1,0,50.0,3
1232,8467,9/10/15 0:00,62,48,47,49,40,37,48,55,0,1,0,1,1,0,50.0,3
1236,9985,2/22/10 0:00,53,40,55,55,65,70,70,65,0,1,0,1,1,0,45.0,6
1237,9985,2/22/11 0:00,68,66,53,66,63,59,47,66,0,1,1,0,1,0,45.0,7
1238,9985,2/22/12 0:00,75,70,55,58,60,45,60,52,0,1,0,1,1,0,45.0,0
1239,9985,9/20/13 0:00,54,62,55,58,60,45,60,52,0,1,0,1,1,0,45.0,0
1240,9985,9/19/14 0:00,54,62,55,58,60,45,54,52,0,1,0,1,1,0,45.0,0
1242,10194,2/22/10 0:00,65,70,70,70,55,35,70,35,0,1,0,1,1,0,32.5,0
1243,10194,2/22/11 0:00,50,80,30,70,35,25,65,50,0,1,0,1,1,0,32.5,0
1244,10194,2/22/12 0:00,75,75,40,72,55,50,58,45,0,1,0,1,1,0,32.5,0
1245,10194,9/20/13 0:00,75,73,59,61,38,32,37,41,0,1,0,1,1,0,32.5,0
1246,10194,9/19/14 0:00,48,55,51,57,37,38,40,41,0,1,0,1,1,0,32.5,9
1247,10194,9/10/15 0:00,48,49,51,59,49,44,37,51,0,1,0,1,1,0,32.5,9
1248,8472,2/22/10 0:00,60,70,70,70,55,35,70,35,0,1,0,1,1,0,38.0,0
1249,8472,2/22/11 0:00,55,55,55,65,55,45,55,65,0,1,0,1,1,0,38.0,4
1250,8472,2/22/12 0:00,67,62,44,72,59,47,53,60,0,1,0,1,1,0,38.0,0
1251,8472,9/20/13 0:00,57,66,56,31,72,47,52,49,0,1,0,1,1,0,38.0,1
1252,8472,9/19/14 0:00,60,61,56,44,58,41,38,53,0,1,0,1,1,0,38.0,1
1253,8472,9/10/15 0:00,43,51,59,50,55,47,45,49,0,1,0,1,1,0,38.0,9
1254,10003,2/22/10 0:00,65,70,70,70,70,70,70,70,0,1,0,1,1,0,39.0,7
1255,10003,2/22/11 0:00,66,34,52,51,64,44,47,64,0,1,0,1,1,0,39.0,1
1256,10003,2/22/12 0:00,26,24,62,39,57,48,58,60,0,1,1,0,1,0,39.0,6
1257,10003,9/20/13 0:00,41,39,36,42,44,52,58,57,0,1,1,0,1,0,39.0,9
1258,10003,9/19/14 0:00,63,34,34,51,36,51,58,54,0,1,1,0,1,0,39.0,2
1259,10003,9/10/15 0:00,45,42,34,36,55,31,47,42,0,1,1,0,1,0,39.0,5
1260,9867,2/22/10 0:00,30,30,45,30,65,50,30,45,0,1,0,1,1,0,50.0,5
1261,9867,2/22/11 0:00,56,51,68,52,60,57,50,67,0,1,0,1,1,0,50.0,8
1262,9867,9/19/14 0:00,56,57,56,51,54,52,50,65,0,1,0,1,1,0,50.0,1
1263,9867,9/10/15 0:00,56,57,56,51,54,52,50,69,0,1,0,1,1,0,50.0,1
1264,10191,2/22/11 0:00,51,39,54,46,31,37,34,46,0,1,0,1,1,0,59.0,3
1265,10191,2/22/12 0:00,58,35,67,32,66,47,45,53,0,1,0,1,1,0,59.0,1
1267,10191,9/19/14 0:00,58,35,64,36,66,47,45,53,0,1,0,1,1,0,59.0,1
1269,9804,2/22/10 0:00,45,35,40,30,70,45,35,55,0,1,1,0,1,0,69.0,5
1270,9804,2/22/11 0:00,45,35,40,47,35,45,45,55,0,1,0,1,1,0,69.0,9
1271,9804,2/22/12 0:00,50,50,50,65,50,35,45,50,0,1,0,1,1,0,69.0,4
1272,9804,9/20/13 0:00,71,36,37,72,53,39,46,52,0,1,1,0,1,0,69.0,2
1273,9804,9/19/14 0:00,76,64,64,72,53,39,34,52,0,1,0,1,1,0,69.0,4
1274,9804,9/10/15 0:00,69,36,37,69,53,39,46,52,0,1,0,1,1,0,69.0,2
1275,8586,2/22/10 0:00,70,50,50,65,50,50,50,50,0,1,0,1,1,0,40.5,0
1276,8586,2/22/11 0:00,60,55,70,70,70,30,40,60,1,0,0,1,1,0,40.5,0
1277,8586,2/22/12 0:00,44,47,52,63,61,43,44,51,0,1,0,1,1,0,40.5,4
1278,8586,9/20/13 0:00,42,46,45,58,68,63,61,57,0,1,0,1,1,0,40.5,6
1279,8586,9/19/14 0:00,41,38,41,59,62,58,51,56,0,1,0,1,1,0,40.5,6
1280,8586,9/10/15 0:00,47,40,41,41,63,63,54,56,0,1,0,1,1,0,40.5,6
1281,9941,2/22/10 0:00,35,70,45,70,35,30,45,30,0,1,0,1,1,0,56.0,3
1282,9941,2/22/11 0:00,65,50,50,50,65,35,55,50,0,1,0,1,1,0,56.0,1
1283,9941,2/22/12 0:00,49,53,52,34,36,36,45,49,0,1,0,1,1,0,56.0,3
1285,9941,9/19/14 0:00,49,53,52,34,57,36,52,49,0,1,0,1,1,0,56.0,3
1287,10242,2/22/11 0:00,35,50,50,50,35,45,45,50,0,1,0,1,1,0,48.0,9
1288,10242,2/22/12 0:00,49,51,52,49,49,43,42,52,0,1,0,1,1,0,48.0,3
1290,10242,9/19/14 0:00,49,51,52,49,46,43,42,52,0,1,0,1,1,0,48.0,3
1292,8611,2/22/10 0:00,30,30,40,40,65,30,30,30,0,1,0,1,1,0,39.5,5
1293,8611,2/22/11 0:00,55,55,63,62,47,61,59,54,1,0,1,0,1,0,39.5,8
1294,8611,2/22/12 0:00,25,28,44,68,37,62,68,67,0,1,0,1,1,0,39.5,6
1295,8611,9/20/13 0:00,35,38,44,50,41,34,44,54,0,1,1,0,1,0,39.5,9
1296,8611,9/19/14 0:00,38,34,63,65,37,44,41,55,0,1,0,1,1,0,39.5,9
1297,8611,9/10/15 0:00,48,43,43,58,39,44,41,55,0,1,0,1,1,0,39.5,9
1298,8600,2/22/10 0:00,64,35,30,50,70,35,30,55,0,1,0,1,0,1,62.5,2
1299,8600,2/22/11 0:00,70,49,66,50,50,44,45,55,0,1,0,1,0,1,62.5,8
1300,8600,2/22/12 0:00,75,45,65,65,50,45,55,50,0,1,0,1,1,0,62.5,8
1301,8600,9/20/13 0:00,78,63,69,78,52,40,63,57,1,0,1,0,1,0,62.5,7
1302,8600,9/19/14 0:00,71,63,69,78,52,40,46,57,0,1,0,1,1,0,62.5,4
1303,8600,9/10/15 0:00,68,63,69,68,52,40,57,57,0,1,0,1,1,0,62.5,4
1307,10267,2/22/10 0:00,30,30,55,60,70,55,60,60,1,0,0,1,0,1,45.5,6
1308,10267,2/22/11 0:00,41,40,56,55,64,40,48,54,0,1,1,0,1,0,45.5,9
1309,10267,2/22/12 0:00,20,35,38,56,55,51,38,59,0,1,0,1,1,0,45.5,9
1311,10267,9/19/14 0:00,30,35,38,56,55,51,38,59,0,1,0,1,1,0,45.5,9
1312,10267,9/10/15 0:00,35,35,37,51,58,49,45,53,0,1,0,1,1,0,45.5,9
1313,9873,2/22/10 0:00,60,70,50,60,60,30,55,30,0,1,0,1,1,0,59.0,0
1314,9873,2/22/11 0:00,65,50,50,65,50,45,45,65,0,1,0,1,1,0,59.0,4
1315,9873,2/22/12 0:00,49,50,51,60,61,43,57,51,0,1,0,1,1,0,59.0,4
1316,9873,9/20/13 0:00,49,50,51,76,61,43,57,51,0,1,0,1,1,0,59.0,4
1317,9873,9/19/14 0:00,49,52,51,67,56,47,51,46,0,1,0,1,1,0,59.0,4
1319,10281,2/22/10 0:00,55,40,45,30,60,30,65,30,0,1,0,1,1,0,42.0,2
1320,10281,2/22/11 0:00,54,55,44,60,62,43,52,59,0,1,0,1,1,0,42.0,4
1321,10281,2/22/12 0:00,55,54,58,73,41,51,50,60,0,1,0,1,1,0,42.0,4
1323,10281,9/19/14 0:00,55,54,58,68,41,51,50,60,0,1,0,1,1,0,42.0,4
1324,10281,9/10/15 0:00,43,65,39,51,57,47,40,47,0,1,0,1,1,0,42.0,9
1325,9876,2/22/12 0:00,50,50,50,50,50,45,55,50,0,1,0,1,1,0,37.5,9
1326,9876,9/20/13 0:00,58,63,55,57,61,47,59,63,0,1,0,1,1,0,37.5,0
1327,9876,9/19/14 0:00,63,48,39,54,55,31,47,37,0,1,0,1,1,0,37.5,2
1328,9876,9/10/15 0:00,57,38,39,54,55,47,59,52,0,1,0,1,1,0,37.5,2
1329,10269,2/22/10 0:00,70,30,60,70,70,65,50,60,0,1,0,1,1,0,58.0,8
1330,10269,2/22/11 0:00,64,48,60,62,56,45,56,39,0,1,0,1,1,0,58.0,8
1331,10269,2/22/12 0:00,50,42,56,66,48,47,44,43,0,1,0,1,1,0,58.0,4
1332,10269,9/20/13 0:00,59,41,58,66,65,47,52,38,0,1,0,1,1,0,58.0,8
1333,10269,9/19/14 0:00,54,53,60,56,48,46,54,40,0,1,0,1,1,0,58.0,3
1334,10269,9/10/15 0:00,59,41,58,66,48,41,44,32,0,1,0,1,1,0,58.0,3
1335,10205,2/22/10 0:00,64,30,55,35,70,65,30,70,1,0,1,0,0,1,42.0,1
1336,10205,2/22/11 0:00,42,41,53,38,70,50,48,54,1,0,1,0,1,0,42.0,6
1337,10205,2/22/12 0:00,20,26,43,57,58,51,51,56,0,1,0,1,1,0,42.0,6
1338,10205,9/20/13 0:00,24,26,43,57,58,51,51,56,0,1,0,1,1,0,42.0,6
1339,10205,9/19/14 0:00,35,35,43,57,58,51,51,56,0,1,0,1,1,0,42.0,6
1340,10205,9/10/15 0:00,48,36,36,52,55,47,48,44,1,0,1,0,1,0,42.0,2
1341,8277,2/22/10 0:00,35,35,40,50,60,30,30,30,0,1,0,1,1,0,47.5,5
1342,8277,2/22/11 0:00,33,50,68,51,54,55,60,64,0,1,0,1,1,0,47.5,6
1343,8277,2/22/12 0:00,37,30,57,42,56,42,54,48,0,1,0,1,1,0,47.5,9
1344,8277,9/20/13 0:00,37,39,52,42,62,42,45,48,0,1,0,1,1,0,47.5,5
1345,8277,9/19/14 0:00,53,32,53,54,56,42,54,62,0,1,0,1,1,0,47.5,2
1346,8277,9/10/15 0:00,57,48,53,37,71,60,58,62,1,0,1,0,1,0,47.5,1
1347,7844,2/22/10 0:00,30,30,55,55,55,30,30,30,0,1,0,1,0,1,52.0,5
1348,7844,2/22/11 0:00,65,47,65,50,49,55,55,48,0,1,0,1,0,1,52.0,8
1349,7844,2/22/12 0:00,40,39,53,68,58,50,59,68,0,1,0,1,1,0,52.0,6
1350,7844,9/20/13 0:00,40,39,53,68,58,50,59,64,0,1,0,1,1,0,52.0,4
1351,7844,9/19/14 0:00,40,39,53,62,58,37,40,64,0,1,0,1,1,0,52.0,4
1353,10238,2/22/10 0:00,30,30,60,50,55,30,30,30,0,1,0,1,1,0,49.0,5
1354,10238,2/22/11 0:00,50,50,50,65,50,35,55,50,0,1,0,1,1,0,49.0,4
1355,10238,2/22/12 0:00,56,42,54,52,52,37,37,58,0,1,0,1,1,0,49.0,3
1358,10238,9/10/15 0:00,58,42,54,52,52,37,37,58,0,1,0,1,1,0,49.0,3
1363,8475,9/20/13 0:00,62,53,50,30,54,30,49,35,0,1,1,0,1,0,45.0,3
1364,8475,9/19/14 0:00,38,39,29,30,39,25,37,35,0,1,0,1,1,0,45.0,5
1365,8475,9/10/15 0:00,38,49,45,42,53,27,32,35,0,1,0,1,1,0,45.0,5
1366,9817,2/22/10 0:00,70,70,70,70,65,70,70,65,0,1,0,1,1,0,37.5,7
1367,9817,2/22/11 0:00,64,53,67,67,48,44,47,66,0,1,0,1,1,0,37.5,0
1368,9817,2/22/12 0:00,66,66,45,60,60,48,50,45,0,1,0,1,1,0,37.5,0
1369,9817,9/20/13 0:00,67,45,45,38,53,38,52,45,0,1,1,0,1,0,37.5,1
1370,9817,9/19/14 0:00,61,56,54,44,55,38,52,45,0,1,1,0,1,0,37.5,1
1371,9817,9/10/15 0:00,61,52,54,42,45,38,52,45,0,1,1,0,1,0,37.5,3
1372,8697,2/22/10 0:00,70,40,70,40,70,70,65,70,0,1,0,1,1,0,55.0,8
1373,8697,2/22/11 0:00,64,40,65,48,64,64,48,68,0,1,0,1,1,0,55.0,8
1374,8697,2/22/12 0:00,54,40,68,58,48,49,50,65,0,1,0,1,1,0,55.0,8
1375,8697,9/20/13 0:00,68,33,71,67,78,60,50,64,0,1,0,1,1,0,55.0,8
1376,8697,9/19/14 0:00,40,47,37,40,51,40,50,45,0,1,0,1,1,0,55.0,9
1377,8697,9/10/15 0:00,56,63,68,66,58,63,47,73,0,1,0,1,1,0,55.0,7
1378,8659,2/22/10 0:00,65,40,70,70,55,70,70,70,0,1,0,1,1,0,33.0,7
1379,8659,2/22/11 0:00,60,65,40,50,45,35,55,60,0,1,0,1,1,0,33.0,0
1380,8659,2/22/12 0:00,48,48,45,60,54,38,38,52,0,1,0,1,1,0,33.0,9
1381,8659,9/20/13 0:00,55,54,57,53,57,33,31,49,0,1,0,1,1,0,33.0,0
1382,8659,9/19/14 0:00,55,51,53,53,57,41,40,49,0,1,0,1,1,0,33.0,0
1383,8659,9/10/15 0:00,62,51,53,50,60,41,40,49,0,1,0,1,1,0,33.0,0
1384,8654,2/22/10 0:00,58,30,31,70,50,30,70,30,0,1,0,1,1,0,38.0,2
1385,8654,2/22/11 0:00,35,35,30,45,45,45,45,50,0,1,0,1,1,0,38.0,9
1386,8654,2/22/12 0:00,63,64,44,60,55,30,34,38,0,1,0,1,1,0,38.0,0
1387,8654,9/20/13 0:00,72,73,61,74,32,30,37,41,0,1,0,1,1,0,38.0,0
1388,8654,9/19/14 0:00,72,73,68,71,32,30,34,41,0,1,0,1,1,0,38.0,0
1389,8654,9/10/15 0:00,77,57,68,73,29,30,37,41,0,1,0,1,1,0,38.0,0
1390,10001,2/22/10 0:00,45,60,40,45,55,70,70,70,0,1,0,1,1,0,46.0,6
1391,10001,2/22/11 0:00,34,52,66,48,53,48,59,67,1,0,0,1,1,0,46.0,6
1392,10001,2/22/12 0:00,52,50,59,60,32,48,45,53,0,1,0,1,1,0,46.0,9
1393,10001,9/10/15 0:00,52,50,57,55,32,48,45,53,0,1,0,1,1,0,46.0,9
1398,8528,2/22/10 0:00,70,70,70,70,50,35,70,35,0,1,0,1,1,0,36.5,0
1399,8528,2/22/11 0:00,35,50,45,65,50,45,55,65,0,1,0,1,1,0,36.5,9
1400,8528,2/22/12 0:00,38,38,54,42,42,40,42,44,0,1,0,1,1,0,36.5,9
1401,8528,9/20/13 0:00,38,39,43,42,34,56,52,44,0,1,1,0,1,0,36.5,9
1402,8528,9/19/14 0:00,51,51,52,55,57,62,57,44,0,1,0,1,1,0,36.5,9
1403,8528,9/10/15 0:00,51,56,52,59,40,62,48,44,0,1,0,1,1,0,36.5,9
1404,8525,2/22/10 0:00,35,30,30,40,65,30,30,30,0,1,0,1,1,0,36.0,5
1405,8525,2/22/11 0:00,72,57,70,47,49,28,63,62,0,1,0,1,1,0,36.0,0
1406,8525,9/20/13 0:00,48,55,48,53,46,43,35,47,0,1,0,1,1,0,36.0,9
1407,8525,9/10/15 0:00,51,63,48,53,52,43,45,47,0,1,0,1,1,0,36.0,0
1408,10265,2/22/10 0:00,40,35,55,35,70,70,70,65,0,1,0,1,1,0,50.5,6
1409,10265,2/22/11 0:00,67,48,53,63,67,58,47,52,0,1,0,1,1,0,50.5,8
1410,10265,2/22/12 0:00,25,25,32,72,50,60,58,61,0,1,0,1,1,0,50.5,6
1411,10265,9/20/13 0:00,30,30,32,72,50,60,58,61,0,1,0,1,1,0,50.5,6
1412,10265,9/19/14 0:00,47,36,36,53,66,60,66,53,0,1,0,1,1,0,50.5,6
1413,10265,9/10/15 0:00,33,37,33,37,31,62,58,37,1,0,1,0,1,0,50.5,9
1414,8721,2/22/10 0:00,65,45,65,60,70,45,60,50,0,1,0,1,1,0,56.0,8
1415,8721,2/22/11 0:00,65,45,65,36,51,58,47,66,0,1,0,1,1,0,56.0,1
1416,8721,2/22/12 0:00,54,59,67,56,48,38,40,45,0,1,0,1,1,0,56.0,3
1417,8721,9/20/13 0:00,58,57,68,72,70,64,42,55,0,1,0,1,1,0,56.0,8
1418,8721,9/19/14 0:00,58,45,68,60,54,59,48,47,0,1,0,1,1,0,56.0,8
1419,8721,9/10/15 0:00,68,57,69,66,50,66,46,55,0,1,0,1,1,0,56.0,8
1420,8602,2/22/10 0:00,70,70,70,70,70,70,70,70,0,1,0,1,1,0,32.0,7
1421,8602,2/22/11 0:00,55,55,60,60,45,45,45,50,0,1,0,1,1,0,32.0,0
1422,8602,2/22/12 0:00,67,68,42,68,56,48,60,45,0,1,0,1,1,0,32.0,0
1423,8602,9/20/13 0:00,63,61,42,73,56,42,48,52,0,1,0,1,1,0,32.0,0
1424,8602,9/19/14 0:00,47,58,55,64,56,47,48,52,0,1,0,1,1,0,32.0,0
1425,8602,9/10/15 0:00,46,54,55,47,48,47,48,55,0,1,0,1,1,0,32.0,9
1433,10192,2/22/10 0:00,55,55,55,70,60,55,55,60,0,1,0,1,0,1,56.0,4
1434,10192,2/22/11 0:00,60,57,65,69,68,48,49,61,0,1,0,1,1,0,56.0,4
1435,10192,2/22/12 0:00,52,69,39,70,46,44,34,50,0,1,0,1,1,0,56.0,4
1437,10192,9/19/14 0:00,52,64,39,66,46,44,34,50,0,1,0,1,1,0,56.0,4
1439,8021,2/22/10 0:00,55,60,30,40,70,70,70,70,0,1,0,1,1,0,49.0,6
1440,8021,2/22/11 0:00,54,37,48,38,37,47,58,52,0,1,0,1,1,0,49.0,9
1441,8021,2/22/12 0:00,33,38,67,52,73,58,47,52,0,1,0,1,1,0,49.0,6
1442,8021,9/20/13 0:00,33,38,67,52,48,58,47,52,0,1,0,1,1,0,49.0,6
1443,8021,9/19/14 0:00,33,51,38,63,48,58,38,52,0,1,0,1,1,0,49.0,9
1444,8394,2/22/10 0:00,30,30,50,35,70,40,30,45,1,0,0,1,0,1,50.0,5
1445,8394,2/22/11 0:00,43,40,46,38,42,38,40,53,0,1,0,1,1,0,50.0,9
1446,8394,2/22/12 0:00,34,23,53,56,57,51,46,61,0,1,0,1,1,0,50.0,6
1447,8394,9/20/13 0:00,38,23,53,56,57,51,46,61,0,1,0,1,1,0,50.0,6
1448,8394,9/19/14 0:00,38,35,53,56,57,51,46,61,0,1,0,1,1,0,50.0,6
1449,8394,9/10/15 0:00,52,50,52,56,57,48,43,49,0,1,0,1,1,0,50.0,4
1450,8027,9/19/14 0:00,54,40,67,49,52,44,47,52,0,1,0,1,1,0,51.0,8
1451,8027,9/10/15 0:00,54,40,46,49,52,44,47,52,0,1,0,1,1,0,51.0,2
1452,10000,2/22/10 0:00,65,60,60,40,50,70,60,70,0,1,0,1,1,0,42.0,7
1453,10000,2/22/11 0:00,52,52,52,48,53,46,48,53,0,1,0,1,1,0,42.0,9
1454,10000,2/22/12 0:00,54,51,47,52,50,44,55,53,0,1,0,1,1,0,42.0,9
1455,10000,9/20/13 0:00,54,51,47,52,32,44,58,37,0,1,0,1,1,0,42.0,3
